fecha;valor
2013-01-01;22.837,06
2013-01-02;22.833,37
2013-01-03;22.829,68
2013-01-04;22.825,99
2013-01-05;22.822,30
2013-01-06;22.818,61
2013-01-07;22.814,92
2013-01-08;22.811,23
2013-01-09;22.807,54
2013-01-10;22.807,54
2013-01-11;22.807,54
2013-01-12;22.807,54
2013-01-13;22.807,54
2013-01-14;22.807,54
2013-01-15;22.807,54
2013-01-16;22.807,54
2013-01-17;22.807,54
2013-01-18;22.807,54
2013-01-19;22.807,54
2013-01-20;22.807,54
2013-01-21;22.807,54
2013-01-22;22.807,54
2013-01-23;22.807,54
2013-01-24;22.807,54
2013-01-25;22.807,54
2013-01-26;22.807,54
2013-01-27;22.807,54
2013-01-28;22.807,54
2013-01-29;22.807,54
2013-01-30;22.807,54
2013-01-31;22.807,54
2013-02-01;22.807,54
2013-02-02;22.807,54
2013-02-03;22.807,54
2013-02-04;22.807,54
2013-02-05;22.807,54
2013-02-06;22.807,54
2013-02-07;22.807,54
2013-02-08;22.807,54
2013-02-09;22.807,54
2013-02-10;22.809,17
2013-02-11;22.810,80
2013-02-12;22.812,42
2013-02-13;22.814,05
2013-02-14;22.815,68
2013-02-15;22.817,31
2013-02-16;22.818,94
2013-02-17;22.820,56
2013-02-18;22.822,19
2013-02-19;22.823,82
2013-02-20;22.825,45
2013-02-21;22.827,08
2013-02-22;22.828,71
2013-02-23;22.830,34
2013-02-24;22.831,97
2013-02-25;22.833,59
2013-02-26;22.835,22
2013-02-27;22.836,85
2013-02-28;22.838,48
2013-03-01;22.840,11
2013-03-02;22.841,74
2013-03-03;22.843,37
2013-03-04;22.845,00
2013-03-05;22.846,63
2013-03-06;22.848,26
2013-03-07;22.849,89
2013-03-08;22.851,52
2013-03-09;22.853,16
2013-03-10;22.853,90
2013-03-11;22.854,63
2013-03-12;22.855,37
2013-03-13;22.856,11
2013-03-14;22.856,84
2013-03-15;22.857,58
2013-03-16;22.858,32
2013-03-17;22.859,06
2013-03-18;22.859,79
2013-03-19;22.860,53
2013-03-20;22.861,27
2013-03-21;22.862,00
2013-03-22;22.862,74
2013-03-23;22.863,48
2013-03-24;22.864,22
2013-03-25;22.864,95
2013-03-26;22.865,69
2013-03-27;22.866,43
2013-03-28;22.867,16
2013-03-29;22.867,90
2013-03-30;22.868,64
2013-03-31;22.869,38
2013-04-01;22.870,11
2013-04-02;22.870,85
2013-04-03;22.871,59
2013-04-04;22.872,33
2013-04-05;22.873,06
2013-04-06;22.873,80
2013-04-07;22.874,54
2013-04-08;22.875,28
2013-04-09;22.876,01
2013-04-10;22.879,05
2013-04-11;22.882,10
2013-04-12;22.885,14
2013-04-13;22.888,19
2013-04-14;22.891,24
2013-04-15;22.894,28
2013-04-16;22.897,33
2013-04-17;22.900,38
2013-04-18;22.903,42
2013-04-19;22.906,47
2013-04-20;22.909,52
2013-04-21;22.912,57
2013-04-22;22.915,62
2013-04-23;22.918,67
2013-04-24;22.921,72
2013-04-25;22.924,77
2013-04-26;22.927,82
2013-04-27;22.930,87
2013-04-28;22.933,92
2013-04-29;22.936,97
2013-04-30;22.940,02
2013-05-01;22.943,08
2013-05-02;22.946,13
2013-05-03;22.949,18
2013-05-04;22.952,24
2013-05-05;22.955,29
2013-05-06;22.958,35
2013-05-07;22.961,40
2013-05-08;22.964,46
2013-05-09;22.967,51
2013-05-10;22.963,80
2013-05-11;22.960,08
2013-05-12;22.956,37
2013-05-13;22.952,66
2013-05-14;22.948,95
2013-05-15;22.945,24
2013-05-16;22.941,53
2013-05-17;22.937,82
2013-05-18;22.934,11
2013-05-19;22.930,40
2013-05-20;22.926,70
2013-05-21;22.922,99
2013-05-22;22.919,28
2013-05-23;22.915,58
2013-05-24;22.911,87
2013-05-25;22.908,17
2013-05-26;22.904,46
2013-05-27;22.900,76
2013-05-28;22.897,06
2013-05-29;22.893,36
2013-05-30;22.889,65
2013-05-31;22.885,95
2013-06-01;22.882,25
2013-06-02;22.878,55
2013-06-03;22.874,85
2013-06-04;22.871,16
2013-06-05;22.867,46
2013-06-06;22.863,76
2013-06-07;22.860,06
2013-06-08;22.856,37
2013-06-09;22.852,67
2013-06-10;22.852,67
2013-06-11;22.852,67
2013-06-12;22.852,67
2013-06-13;22.852,67
2013-06-14;22.852,67
2013-06-15;22.852,67
2013-06-16;22.852,67
2013-06-17;22.852,67
2013-06-18;22.852,67
2013-06-19;22.852,67
2013-06-20;22.852,67
2013-06-21;22.852,67
2013-06-22;22.852,67
2013-06-23;22.852,67
2013-06-24;22.852,67
2013-06-25;22.852,67
2013-06-26;22.852,67
2013-06-27;22.852,67
2013-06-28;22.852,67
2013-06-29;22.852,67
2013-06-30;22.852,67
2013-07-01;22.852,67
2013-07-02;22.852,67
2013-07-03;22.852,67
2013-07-04;22.852,67
2013-07-05;22.852,67
2013-07-06;22.852,67
2013-07-07;22.852,67
2013-07-08;22.852,67
2013-07-09;22.852,67
2013-07-10;22.857,08
2013-07-11;22.861,49
2013-07-12;22.865,90
2013-07-13;22.870,32
2013-07-14;22.874,73
2013-07-15;22.879,14
2013-07-16;22.883,56
2013-07-17;22.887,98
2013-07-18;22.892,39
2013-07-19;22.896,81
2013-07-20;22.901,23
2013-07-21;22.905,65
2013-07-22;22.910,07
2013-07-23;22.914,49
2013-07-24;22.918,91
2013-07-25;22.923,34
2013-07-26;22.927,76
2013-07-27;22.932,19
2013-07-28;22.936,61
2013-07-29;22.941,04
2013-07-30;22.945,47
2013-07-31;22.949,89
2013-08-01;22.954,32
2013-08-02;22.958,75
2013-08-03;22.963,18
2013-08-04;22.967,62
2013-08-05;22.972,05
2013-08-06;22.976,48
2013-08-07;22.980,92
2013-08-08;22.985,35
2013-08-09;22.989,79
2013-08-10;22.992,01
2013-08-11;22.994,23
2013-08-12;22.996,46
2013-08-13;22.998,68
2013-08-14;23.000,90
2013-08-15;23.003,12
2013-08-16;23.005,35
2013-08-17;23.007,57
2013-08-18;23.009,79
2013-08-19;23.012,02
2013-08-20;23.014,24
2013-08-21;23.016,46
2013-08-22;23.018,69
2013-08-23;23.020,91
2013-08-24;23.023,14
2013-08-25;23.025,36
2013-08-26;23.027,59
2013-08-27;23.029,81
2013-08-28;23.032,04
2013-08-29;23.034,26
2013-08-30;23.036,49
2013-08-31;23.038,71
2013-09-01;23.040,94
2013-09-02;23.043,17
2013-09-03;23.045,39
2013-09-04;23.047,62
2013-09-05;23.049,85
2013-09-06;23.052,08
2013-09-07;23.054,30
2013-09-08;23.056,53
2013-09-09;23.058,76
2013-09-10;23.060,30
2013-09-11;23.061,83
2013-09-12;23.063,37
2013-09-13;23.064,90
2013-09-14;23.066,44
2013-09-15;23.067,98
2013-09-16;23.069,51
2013-09-17;23.071,05
2013-09-18;23.072,59
2013-09-19;23.074,12
2013-09-20;23.075,66
2013-09-21;23.077,20
2013-09-22;23.078,73
2013-09-23;23.080,27
2013-09-24;23.081,81
2013-09-25;23.083,34
2013-09-26;23.084,88
2013-09-27;23.086,42
2013-09-28;23.087,96
2013-09-29;23.089,49
2013-09-30;23.091,03
2013-10-01;23.092,57
2013-10-02;23.094,11
2013-10-03;23.095,65
2013-10-04;23.097,18
2013-10-05;23.098,72
2013-10-06;23.100,26
2013-10-07;23.101,80
2013-10-08;23.103,34
2013-10-09;23.104,88
2013-10-10;23.108,60
2013-10-11;23.112,32
2013-10-12;23.116,03
2013-10-13;23.119,75
2013-10-14;23.123,47
2013-10-15;23.127,19
2013-10-16;23.130,92
2013-10-17;23.134,64
2013-10-18;23.138,36
2013-10-19;23.142,08
2013-10-20;23.145,81
2013-10-21;23.149,53
2013-10-22;23.153,26
2013-10-23;23.156,98
2013-10-24;23.160,71
2013-10-25;23.164,43
2013-10-26;23.168,16
2013-10-27;23.171,89
2013-10-28;23.175,62
2013-10-29;23.179,35
2013-10-30;23.183,08
2013-10-31;23.186,81
2013-11-01;23.190,54
2013-11-02;23.194,27
2013-11-03;23.198,00
2013-11-04;23.201,73
2013-11-05;23.205,47
2013-11-06;23.209,20
2013-11-07;23.212,93
2013-11-08;23.216,67
2013-11-09;23.220,40
2013-11-10;23.221,17
2013-11-11;23.221,95
2013-11-12;23.222,72
2013-11-13;23.223,49
2013-11-14;23.224,27
2013-11-15;23.225,04
2013-11-16;23.225,82
2013-11-17;23.226,59
2013-11-18;23.227,36
2013-11-19;23.228,14
2013-11-20;23.228,91
2013-11-21;23.229,69
2013-11-22;23.230,46
2013-11-23;23.231,23
2013-11-24;23.232,01
2013-11-25;23.232,78
2013-11-26;23.233,56
2013-11-27;23.234,33
2013-11-28;23.235,10
2013-11-29;23.235,88
2013-11-30;23.236,65
2013-12-01;23.237,43
2013-12-02;23.238,20
2013-12-03;23.238,97
2013-12-04;23.239,75
2013-12-05;23.240,52
2013-12-06;23.241,30
2013-12-07;23.242,07
2013-12-08;23.242,85
2013-12-09;23.243,62
2013-12-10;23.246,61
2013-12-11;23.249,61
2013-12-12;23.252,60
2013-12-13;23.255,60
2013-12-14;23.258,59
2013-12-15;23.261,59
2013-12-16;23.264,58
2013-12-17;23.267,58
2013-12-18;23.270,57
2013-12-19;23.273,57
2013-12-20;23.276,57
2013-12-21;23.279,57
2013-12-22;23.282,56
2013-12-23;23.285,56
2013-12-24;23.288,56
2013-12-25;23.291,56
2013-12-26;23.294,56
2013-12-27;23.297,56
2013-12-28;23.300,56
2013-12-29;23.303,56
2013-12-30;23.306,56
2013-12-31;23.309,56
2014-01-01;23.312,57
2014-01-02;23.315,57
2014-01-03;23.318,57
2014-01-04;23.321,57
2014-01-05;23.324,58
2014-01-06;23.327,58
2014-01-07;23.330,58
2014-01-08;23.333,59
2014-01-09;23.336,59
2014-01-10;23.341,09
2014-01-11;23.345,60
2014-01-12;23.350,10
2014-01-13;23.354,61
2014-01-14;23.359,12
2014-01-15;23.363,63
2014-01-16;23.368,13
2014-01-17;23.372,64
2014-01-18;23.377,15
2014-01-19;23.381,67
2014-01-20;23.386,18
2014-01-21;23.390,69
2014-01-22;23.395,21
2014-01-23;23.399,72
2014-01-24;23.404,24
2014-01-25;23.408,75
2014-01-26;23.413,27
2014-01-27;23.417,79
2014-01-28;23.422,31
2014-01-29;23.426,83
2014-01-30;23.431,35
2014-01-31;23.435,87
2014-02-01;23.440,40
2014-02-02;23.444,92
2014-02-03;23.449,44
2014-02-04;23.453,97
2014-02-05;23.458,50
2014-02-06;23.463,02
2014-02-07;23.467,55
2014-02-08;23.472,08
2014-02-09;23.476,61
2014-02-10;23.478,29
2014-02-11;23.479,96
2014-02-12;23.481,64
2014-02-13;23.483,31
2014-02-14;23.484,99
2014-02-15;23.486,66
2014-02-16;23.488,34
2014-02-17;23.490,02
2014-02-18;23.491,69
2014-02-19;23.493,37
2014-02-20;23.495,04
2014-02-21;23.496,72
2014-02-22;23.498,40
2014-02-23;23.500,07
2014-02-24;23.501,75
2014-02-25;23.503,43
2014-02-26;23.505,11
2014-02-27;23.506,78
2014-02-28;23.508,46
2014-03-01;23.510,14
2014-03-02;23.511,82
2014-03-03;23.513,49
2014-03-04;23.515,17
2014-03-05;23.516,85
2014-03-06;23.518,53
2014-03-07;23.520,21
2014-03-08;23.521,88
2014-03-09;23.523,56
2014-03-10;23.527,34
2014-03-11;23.531,13
2014-03-12;23.534,92
2014-03-13;23.538,70
2014-03-14;23.542,49
2014-03-15;23.546,28
2014-03-16;23.550,07
2014-03-17;23.553,86
2014-03-18;23.557,65
2014-03-19;23.561,44
2014-03-20;23.565,23
2014-03-21;23.569,02
2014-03-22;23.572,81
2014-03-23;23.576,61
2014-03-24;23.580,40
2014-03-25;23.584,19
2014-03-26;23.587,99
2014-03-27;23.591,78
2014-03-28;23.595,58
2014-03-29;23.599,38
2014-03-30;23.603,17
2014-03-31;23.606,97
2014-04-01;23.610,77
2014-04-02;23.614,57
2014-04-03;23.618,37
2014-04-04;23.622,17
2014-04-05;23.625,97
2014-04-06;23.629,77
2014-04-07;23.633,57
2014-04-08;23.637,37
2014-04-09;23.641,18
2014-04-10;23.647,46
2014-04-11;23.653,74
2014-04-12;23.660,03
2014-04-13;23.666,31
2014-04-14;23.672,60
2014-04-15;23.678,89
2014-04-16;23.685,18
2014-04-17;23.691,47
2014-04-18;23.697,76
2014-04-19;23.704,06
2014-04-20;23.710,35
2014-04-21;23.716,65
2014-04-22;23.722,95
2014-04-23;23.729,25
2014-04-24;23.735,56
2014-04-25;23.741,86
2014-04-26;23.748,17
2014-04-27;23.754,48
2014-04-28;23.760,79
2014-04-29;23.767,10
2014-04-30;23.773,41
2014-05-01;23.779,73
2014-05-02;23.786,04
2014-05-03;23.792,36
2014-05-04;23.798,68
2014-05-05;23.805,01
2014-05-06;23.811,33
2014-05-07;23.817,65
2014-05-08;23.823,98
2014-05-09;23.830,31
2014-05-10;23.834,91
2014-05-11;23.839,51
2014-05-12;23.844,11
2014-05-13;23.848,71
2014-05-14;23.853,31
2014-05-15;23.857,92
2014-05-16;23.862,52
2014-05-17;23.867,13
2014-05-18;23.871,73
2014-05-19;23.876,34
2014-05-20;23.880,95
2014-05-21;23.885,56
2014-05-22;23.890,17
2014-05-23;23.894,78
2014-05-24;23.899,39
2014-05-25;23.904,00
2014-05-26;23.908,61
2014-05-27;23.913,23
2014-05-28;23.917,84
2014-05-29;23.922,46
2014-05-30;23.927,08
2014-05-31;23.931,69
2014-06-01;23.936,31
2014-06-02;23.940,93
2014-06-03;23.945,55
2014-06-04;23.950,17
2014-06-05;23.954,79
2014-06-06;23.959,42
2014-06-07;23.964,04
2014-06-08;23.968,67
2014-06-09;23.973,29
2014-06-10;23.975,68
2014-06-11;23.978,08
2014-06-12;23.980,47
2014-06-13;23.982,87
2014-06-14;23.985,26
2014-06-15;23.987,66
2014-06-16;23.990,05
2014-06-17;23.992,45
2014-06-18;23.994,84
2014-06-19;23.997,24
2014-06-20;23.999,64
2014-06-21;24.002,03
2014-06-22;24.004,43
2014-06-23;24.006,83
2014-06-24;24.009,22
2014-06-25;24.011,62
2014-06-26;24.014,02
2014-06-27;24.016,42
2014-06-28;24.018,81
2014-06-29;24.021,21
2014-06-30;24.023,61
2014-07-01;24.026,01
2014-07-02;24.028,41
2014-07-03;24.030,81
2014-07-04;24.033,21
2014-07-05;24.035,61
2014-07-06;24.038,01
2014-07-07;24.040,41
2014-07-08;24.042,81
2014-07-09;24.045,21
2014-07-10;24.045,99
2014-07-11;24.046,76
2014-07-12;24.047,54
2014-07-13;24.048,31
2014-07-14;24.049,09
2014-07-15;24.049,86
2014-07-16;24.050,64
2014-07-17;24.051,41
2014-07-18;24.052,19
2014-07-19;24.052,96
2014-07-20;24.053,74
2014-07-21;24.054,51
2014-07-22;24.055,29
2014-07-23;24.056,07
2014-07-24;24.056,84
2014-07-25;24.057,62
2014-07-26;24.058,39
2014-07-27;24.059,17
2014-07-28;24.059,94
2014-07-29;24.060,72
2014-07-30;24.061,50
2014-07-31;24.062,27
2014-08-01;24.063,05
2014-08-02;24.063,82
2014-08-03;24.064,60
2014-08-04;24.065,38
2014-08-05;24.066,15
2014-08-06;24.066,93
2014-08-07;24.067,70
2014-08-08;24.068,48
2014-08-09;24.069,26
2014-08-10;24.070,81
2014-08-11;24.072,36
2014-08-12;24.073,91
2014-08-13;24.075,47
2014-08-14;24.077,02
2014-08-15;24.078,57
2014-08-16;24.080,12
2014-08-17;24.081,67
2014-08-18;24.083,23
2014-08-19;24.084,78
2014-08-20;24.086,33
2014-08-21;24.087,88
2014-08-22;24.089,44
2014-08-23;24.090,99
2014-08-24;24.092,54
2014-08-25;24.094,09
2014-08-26;24.095,65
2014-08-27;24.097,20
2014-08-28;24.098,75
2014-08-29;24.100,31
2014-08-30;24.101,86
2014-08-31;24.103,41
2014-09-01;24.104,97
2014-09-02;24.106,52
2014-09-03;24.108,07
2014-09-04;24.109,63
2014-09-05;24.111,18
2014-09-06;24.112,74
2014-09-07;24.114,29
2014-09-08;24.115,84
2014-09-09;24.117,40
2014-09-10;24.119,81
2014-09-11;24.122,22
2014-09-12;24.124,63
2014-09-13;24.127,03
2014-09-14;24.129,44
2014-09-15;24.131,85
2014-09-16;24.134,26
2014-09-17;24.136,67
2014-09-18;24.139,08
2014-09-19;24.141,49
2014-09-20;24.143,90
2014-09-21;24.146,31
2014-09-22;24.148,73
2014-09-23;24.151,14
2014-09-24;24.153,55
2014-09-25;24.155,96
2014-09-26;24.158,37
2014-09-27;24.160,79
2014-09-28;24.163,20
2014-09-29;24.165,61
2014-09-30;24.168,02
2014-10-01;24.170,44
2014-10-02;24.172,85
2014-10-03;24.175,26
2014-10-04;24.177,68
2014-10-05;24.180,09
2014-10-06;24.182,51
2014-10-07;24.184,92
2014-10-08;24.187,34
2014-10-09;24.189,75
2014-10-10;24.195,97
2014-10-11;24.202,19
2014-10-12;24.208,41
2014-10-13;24.214,63
2014-10-14;24.220,86
2014-10-15;24.227,08
2014-10-16;24.233,31
2014-10-17;24.239,54
2014-10-18;24.245,77
2014-10-19;24.252,01
2014-10-20;24.258,24
2014-10-21;24.264,48
2014-10-22;24.270,72
2014-10-23;24.276,95
2014-10-24;24.283,20
2014-10-25;24.289,44
2014-10-26;24.295,68
2014-10-27;24.301,93
2014-10-28;24.308,17
2014-10-29;24.314,42
2014-10-30;24.320,67
2014-10-31;24.326,93
2014-11-01;24.333,18
2014-11-02;24.339,44
2014-11-03;24.345,69
2014-11-04;24.351,95
2014-11-05;24.358,21
2014-11-06;24.364,47
2014-11-07;24.370,74
2014-11-08;24.377,00
2014-11-09;24.383,27
2014-11-10;24.391,36
2014-11-11;24.399,45
2014-11-12;24.407,54
2014-11-13;24.415,64
2014-11-14;24.423,74
2014-11-15;24.431,84
2014-11-16;24.439,95
2014-11-17;24.448,06
2014-11-18;24.456,17
2014-11-19;24.464,28
2014-11-20;24.472,39
2014-11-21;24.480,51
2014-11-22;24.488,63
2014-11-23;24.496,76
2014-11-24;24.504,88
2014-11-25;24.513,01
2014-11-26;24.521,14
2014-11-27;24.529,28
2014-11-28;24.537,42
2014-11-29;24.545,56
2014-11-30;24.553,70
2014-12-01;24.561,84
2014-12-02;24.569,99
2014-12-03;24.578,14
2014-12-04;24.586,30
2014-12-05;24.594,45
2014-12-06;24.602,61
2014-12-07;24.610,77
2014-12-08;24.618,94
2014-12-09;24.627,10
2014-12-10;24.627,10
2014-12-11;24.627,10
2014-12-12;24.627,10
2014-12-13;24.627,10
2014-12-14;24.627,10
2014-12-15;24.627,10
2014-12-16;24.627,10
2014-12-17;24.627,10
2014-12-18;24.627,10
2014-12-19;24.627,10
2014-12-20;24.627,10
2014-12-21;24.627,10
2014-12-22;24.627,10
2014-12-23;24.627,10
2014-12-24;24.627,10
2014-12-25;24.627,10
2014-12-26;24.627,10
2014-12-27;24.627,10
2014-12-28;24.627,10
2014-12-29;24.627,10
2014-12-30;24.627,10
2014-12-31;24.627,10
2015-01-01;24.627,10
2015-01-02;24.627,10
2015-01-03;24.627,10
2015-01-04;24.627,10
2015-01-05;24.627,10
2015-01-06;24.627,10
2015-01-07;24.627,10
2015-01-08;24.627,10
2015-01-09;24.627,10
2015-01-10;24.623,92
2015-01-11;24.620,73
2015-01-12;24.617,55
2015-01-13;24.614,37
2015-01-14;24.611,18
2015-01-15;24.608,00
2015-01-16;24.604,82
2015-01-17;24.601,64
2015-01-18;24.598,46
2015-01-19;24.595,28
2015-01-20;24.592,10
2015-01-21;24.588,92
2015-01-22;24.585,74
2015-01-23;24.582,56
2015-01-24;24.579,39
2015-01-25;24.576,21
2015-01-26;24.573,03
2015-01-27;24.569,85
2015-01-28;24.566,68
2015-01-29;24.563,50
2015-01-30;24.560,33
2015-01-31;24.557,15
2015-02-01;24.553,98
2015-02-02;24.550,80
2015-02-03;24.547,63
2015-02-04;24.544,45
2015-02-05;24.541,28
2015-02-06;24.538,11
2015-02-07;24.534,94
2015-02-08;24.531,76
2015-02-09;24.528,59
2015-02-10;24.529,47
2015-02-11;24.530,34
2015-02-12;24.531,22
2015-02-13;24.532,09
2015-02-14;24.532,97
2015-02-15;24.533,84
2015-02-16;24.534,72
2015-02-17;24.535,60
2015-02-18;24.536,47
2015-02-19;24.537,35
2015-02-20;24.538,22
2015-02-21;24.539,10
2015-02-22;24.539,98
2015-02-23;24.540,85
2015-02-24;24.541,73
2015-02-25;24.542,60
2015-02-26;24.543,48
2015-02-27;24.544,36
2015-02-28;24.545,23
2015-03-01;24.546,11
2015-03-02;24.546,98
2015-03-03;24.547,86
2015-03-04;24.548,74
2015-03-05;24.549,61
2015-03-06;24.550,49
2015-03-07;24.551,37
2015-03-08;24.552,24
2015-03-09;24.553,12
2015-03-10;24.556,28
2015-03-11;24.559,44
2015-03-12;24.562,61
2015-03-13;24.565,77
2015-03-14;24.568,93
2015-03-15;24.572,10
2015-03-16;24.575,26
2015-03-17;24.578,43
2015-03-18;24.581,59
2015-03-19;24.584,76
2015-03-20;24.587,92
2015-03-21;24.591,09
2015-03-22;24.594,26
2015-03-23;24.597,43
2015-03-24;24.600,59
2015-03-25;24.603,76
2015-03-26;24.606,93
2015-03-27;24.610,10
2015-03-28;24.613,27
2015-03-29;24.616,44
2015-03-30;24.619,61
2015-03-31;24.622,78
2015-04-01;24.625,95
2015-04-02;24.629,12
2015-04-03;24.632,29
2015-04-04;24.635,47
2015-04-05;24.638,64
2015-04-06;24.641,81
2015-04-07;24.644,98
2015-04-08;24.648,16
2015-04-09;24.651,33
2015-04-10;24.656,25
2015-04-11;24.661,16
2015-04-12;24.666,08
2015-04-13;24.671,00
2015-04-14;24.675,92
2015-04-15;24.680,84
2015-04-16;24.685,76
2015-04-17;24.690,69
2015-04-18;24.695,61
2015-04-19;24.700,53
2015-04-20;24.705,46
2015-04-21;24.710,39
2015-04-22;24.715,31
2015-04-23;24.720,24
2015-04-24;24.725,17
2015-04-25;24.730,10
2015-04-26;24.735,04
2015-04-27;24.739,97
2015-04-28;24.744,90
2015-04-29;24.749,84
2015-04-30;24.754,77
2015-05-01;24.759,71
2015-05-02;24.764,65
2015-05-03;24.769,59
2015-05-04;24.774,53
2015-05-05;24.779,47
2015-05-06;24.784,41
2015-05-07;24.789,35
2015-05-08;24.794,29
2015-05-09;24.799,24
2015-05-10;24.804,03
2015-05-11;24.808,81
2015-05-12;24.813,60
2015-05-13;24.818,39
2015-05-14;24.823,18
2015-05-15;24.827,97
2015-05-16;24.832,76
2015-05-17;24.837,55
2015-05-18;24.842,35
2015-05-19;24.847,14
2015-05-20;24.851,94
2015-05-21;24.856,73
2015-05-22;24.861,53
2015-05-23;24.866,33
2015-05-24;24.871,13
2015-05-25;24.875,93
2015-05-26;24.880,73
2015-05-27;24.885,53
2015-05-28;24.890,33
2015-05-29;24.895,14
2015-05-30;24.899,94
2015-05-31;24.904,75
2015-06-01;24.909,55
2015-06-02;24.914,36
2015-06-03;24.919,17
2015-06-04;24.923,98
2015-06-05;24.928,79
2015-06-06;24.933,60
2015-06-07;24.938,41
2015-06-08;24.943,22
2015-06-09;24.948,04
2015-06-10;24.949,70
2015-06-11;24.951,36
2015-06-12;24.953,03
2015-06-13;24.954,69
2015-06-14;24.956,35
2015-06-15;24.958,01
2015-06-16;24.959,67
2015-06-17;24.961,34
2015-06-18;24.963,00
2015-06-19;24.964,66
2015-06-20;24.966,32
2015-06-21;24.967,99
2015-06-22;24.969,65
2015-06-23;24.971,31
2015-06-24;24.972,98
2015-06-25;24.974,64
2015-06-26;24.976,30
2015-06-27;24.977,97
2015-06-28;24.979,63
2015-06-29;24.981,29
2015-06-30;24.982,96
2015-07-01;24.984,62
2015-07-02;24.986,28
2015-07-03;24.987,95
2015-07-04;24.989,61
2015-07-05;24.991,28
2015-07-06;24.992,94
2015-07-07;24.994,61
2015-07-08;24.996,27
2015-07-09;24.997,94
2015-07-10;25.001,96
2015-07-11;25.005,99
2015-07-12;25.010,01
2015-07-13;25.014,03
2015-07-14;25.018,06
2015-07-15;25.022,08
2015-07-16;25.026,11
2015-07-17;25.030,14
2015-07-18;25.034,16
2015-07-19;25.038,19
2015-07-20;25.042,22
2015-07-21;25.046,25
2015-07-22;25.050,28
2015-07-23;25.054,31
2015-07-24;25.058,34
2015-07-25;25.062,37
2015-07-26;25.066,41
2015-07-27;25.070,44
2015-07-28;25.074,47
2015-07-29;25.078,51
2015-07-30;25.082,54
2015-07-31;25.086,58
2015-08-01;25.090,61
2015-08-02;25.094,65
2015-08-03;25.098,69
2015-08-04;25.102,73
2015-08-05;25.106,77
2015-08-06;25.110,81
2015-08-07;25.114,85
2015-08-08;25.118,89
2015-08-09;25.122,93
2015-08-10;25.126,17
2015-08-11;25.129,40
2015-08-12;25.132,64
2015-08-13;25.135,87
2015-08-14;25.139,11
2015-08-15;25.142,35
2015-08-16;25.145,59
2015-08-17;25.148,82
2015-08-18;25.152,06
2015-08-19;25.155,30
2015-08-20;25.158,54
2015-08-21;25.161,78
2015-08-22;25.165,02
2015-08-23;25.168,26
2015-08-24;25.171,50
2015-08-25;25.174,75
2015-08-26;25.177,99
2015-08-27;25.181,23
2015-08-28;25.184,47
2015-08-29;25.187,72
2015-08-30;25.190,96
2015-08-31;25.194,21
2015-09-01;25.197,45
2015-09-02;25.200,69
2015-09-03;25.203,94
2015-09-04;25.207,19
2015-09-05;25.210,43
2015-09-06;25.213,68
2015-09-07;25.216,93
2015-09-08;25.220,17
2015-09-09;25.223,42
2015-09-10;25.229,29
2015-09-11;25.235,15
2015-09-12;25.241,02
2015-09-13;25.246,89
2015-09-14;25.252,76
2015-09-15;25.258,63
2015-09-16;25.264,51
2015-09-17;25.270,38
2015-09-18;25.276,26
2015-09-19;25.282,14
2015-09-20;25.288,02
2015-09-21;25.293,90
2015-09-22;25.299,78
2015-09-23;25.305,66
2015-09-24;25.311,55
2015-09-25;25.317,43
2015-09-26;25.323,32
2015-09-27;25.329,21
2015-09-28;25.335,10
2015-09-29;25.340,99
2015-09-30;25.346,89
2015-10-01;25.352,78
2015-10-02;25.358,68
2015-10-03;25.364,57
2015-10-04;25.370,47
2015-10-05;25.376,37
2015-10-06;25.382,27
2015-10-07;25.388,17
2015-10-08;25.394,08
2015-10-09;25.399,98
2015-10-10;25.404,07
2015-10-11;25.408,15
2015-10-12;25.412,24
2015-10-13;25.416,33
2015-10-14;25.420,42
2015-10-15;25.424,51
2015-10-16;25.428,60
2015-10-17;25.432,69
2015-10-18;25.436,79
2015-10-19;25.440,88
2015-10-20;25.444,97
2015-10-21;25.449,07
2015-10-22;25.453,16
2015-10-23;25.457,26
2015-10-24;25.461,35
2015-10-25;25.465,45
2015-10-26;25.469,55
2015-10-27;25.473,64
2015-10-28;25.477,74
2015-10-29;25.481,84
2015-10-30;25.485,94
2015-10-31;25.490,04
2015-11-01;25.494,15
2015-11-02;25.498,25
2015-11-03;25.502,35
2015-11-04;25.506,45
2015-11-05;25.510,56
2015-11-06;25.514,66
2015-11-07;25.518,77
2015-11-08;25.522,87
2015-11-09;25.526,98
2015-11-10;25.530,38
2015-11-11;25.533,77
2015-11-12;25.537,17
2015-11-13;25.540,57
2015-11-14;25.543,97
2015-11-15;25.547,37
2015-11-16;25.550,77
2015-11-17;25.554,17
2015-11-18;25.557,57
2015-11-19;25.560,97
2015-11-20;25.564,37
2015-11-21;25.567,77
2015-11-22;25.571,18
2015-11-23;25.574,58
2015-11-24;25.577,98
2015-11-25;25.581,39
2015-11-26;25.584,79
2015-11-27;25.588,20
2015-11-28;25.591,60
2015-11-29;25.595,01
2015-11-30;25.598,41
2015-12-01;25.601,82
2015-12-02;25.605,23
2015-12-03;25.608,63
2015-12-04;25.612,04
2015-12-05;25.615,45
2015-12-06;25.618,86
2015-12-07;25.622,27
2015-12-08;25.625,68
2015-12-09;25.629,09
2015-12-10;25.629,09
2015-12-11;25.629,09
2015-12-12;25.629,09
2015-12-13;25.629,09
2015-12-14;25.629,09
2015-12-15;25.629,09
2015-12-16;25.629,09
2015-12-17;25.629,09
2015-12-18;25.629,09
2015-12-19;25.629,09
2015-12-20;25.629,09
2015-12-21;25.629,09
2015-12-22;25.629,09
2015-12-23;25.629,09
2015-12-24;25.629,09
2015-12-25;25.629,09
2015-12-26;25.629,09
2015-12-27;25.629,09
2015-12-28;25.629,09
2015-12-29;25.629,09
2015-12-30;25.629,09
2015-12-31;25.629,09
2016-01-01;25.629,09
2016-01-02;25.629,09
2016-01-03;25.629,09
2016-01-04;25.629,09
2016-01-05;25.629,09
2016-01-06;25.629,09
2016-01-07;25.629,09
2016-01-08;25.629,09
2016-01-09;25.629,09
2016-01-10;25.629,09
2016-01-11;25.629,09
2016-01-12;25.629,09
2016-01-13;25.629,09
2016-01-14;25.629,09
2016-01-15;25.629,09
2016-01-16;25.629,09
2016-01-17;25.629,09
2016-01-18;25.629,09
2016-01-19;25.629,09
2016-01-20;25.629,09
2016-01-21;25.629,09
2016-01-22;25.629,09
2016-01-23;25.629,09
2016-01-24;25.629,09
2016-01-25;25.629,09
2016-01-26;25.629,09
2016-01-27;25.629,09
2016-01-28;25.629,09
2016-01-29;25.629,09
2016-01-30;25.629,09
2016-01-31;25.629,09
2016-02-01;25.629,09
2016-02-02;25.629,09
2016-02-03;25.629,09
2016-02-04;25.629,09
2016-02-05;25.629,09
2016-02-06;25.629,09
2016-02-07;25.629,09
2016-02-08;25.629,09
2016-02-09;25.629,09
2016-02-10;25.633,50
2016-02-11;25.637,91
2016-02-12;25.642,32
2016-02-13;25.646,73
2016-02-14;25.651,14
2016-02-15;25.655,55
2016-02-16;25.659,96
2016-02-17;25.664,38
2016-02-18;25.668,79
2016-02-19;25.673,21
2016-02-20;25.677,62
2016-02-21;25.682,04
2016-02-22;25.686,46
2016-02-23;25.690,87
2016-02-24;25.695,29
2016-02-25;25.699,71
2016-02-26;25.704,13
2016-02-27;25.708,55
2016-02-28;25.712,98
2016-02-29;25.717,40
2016-03-01;25.721,82
2016-03-02;25.726,25
2016-03-03;25.730,67
2016-03-04;25.735,10
2016-03-05;25.739,52
2016-03-06;25.743,95
2016-03-07;25.748,38
2016-03-08;25.752,81
2016-03-09;25.757,24
2016-03-10;25.759,73
2016-03-11;25.762,22
2016-03-12;25.764,71
2016-03-13;25.767,20
2016-03-14;25.769,69
2016-03-15;25.772,18
2016-03-16;25.774,67
2016-03-17;25.777,16
2016-03-18;25.779,65
2016-03-19;25.782,14
2016-03-20;25.784,63
2016-03-21;25.787,12
2016-03-22;25.789,62
2016-03-23;25.792,11
2016-03-24;25.794,60
2016-03-25;25.797,09
2016-03-26;25.799,59
2016-03-27;25.802,08
2016-03-28;25.804,57
2016-03-29;25.807,07
2016-03-30;25.809,56
2016-03-31;25.812,05
2016-04-01;25.814,55
2016-04-02;25.817,04
2016-04-03;25.819,54
2016-04-04;25.822,03
2016-04-05;25.824,53
2016-04-06;25.827,02
2016-04-07;25.829,52
2016-04-08;25.832,02
2016-04-09;25.834,51
2016-04-10;25.837,95
2016-04-11;25.841,39
2016-04-12;25.844,83
2016-04-13;25.848,26
2016-04-14;25.851,70
2016-04-15;25.855,14
2016-04-16;25.858,59
2016-04-17;25.862,03
2016-04-18;25.865,47
2016-04-19;25.868,91
2016-04-20;25.872,35
2016-04-21;25.875,80
2016-04-22;25.879,24
2016-04-23;25.882,68
2016-04-24;25.886,13
2016-04-25;25.889,57
2016-04-26;25.893,02
2016-04-27;25.896,46
2016-04-28;25.899,91
2016-04-29;25.903,36
2016-04-30;25.906,80
2016-05-01;25.910,25
2016-05-02;25.913,70
2016-05-03;25.917,15
2016-05-04;25.920,60
2016-05-05;25.924,05
2016-05-06;25.927,50
2016-05-07;25.930,95
2016-05-08;25.934,40
2016-05-09;25.937,85
2016-05-10;25.940,36
2016-05-11;25.942,86
2016-05-12;25.945,37
2016-05-13;25.947,88
2016-05-14;25.950,38
2016-05-15;25.952,89
2016-05-16;25.955,40
2016-05-17;25.957,91
2016-05-18;25.960,42
2016-05-19;25.962,93
2016-05-20;25.965,43
2016-05-21;25.967,94
2016-05-22;25.970,45
2016-05-23;25.972,96
2016-05-24;25.975,47
2016-05-25;25.977,98
2016-05-26;25.980,49
2016-05-27;25.983,00
2016-05-28;25.985,51
2016-05-29;25.988,03
2016-05-30;25.990,54
2016-05-31;25.993,05
2016-06-01;25.995,56
2016-06-02;25.998,07
2016-06-03;26.000,58
2016-06-04;26.003,10
2016-06-05;26.005,61
2016-06-06;26.008,12
2016-06-07;26.010,64
2016-06-08;26.013,15
2016-06-09;26.015,66
2016-06-10;26.017,39
2016-06-11;26.019,13
2016-06-12;26.020,86
2016-06-13;26.022,59
2016-06-14;26.024,32
2016-06-15;26.026,06
2016-06-16;26.027,79
2016-06-17;26.029,52
2016-06-18;26.031,26
2016-06-19;26.032,99
2016-06-20;26.034,73
2016-06-21;26.036,46
2016-06-22;26.038,19
2016-06-23;26.039,93
2016-06-24;26.041,66
2016-06-25;26.043,40
2016-06-26;26.045,13
2016-06-27;26.046,87
2016-06-28;26.048,60
2016-06-29;26.050,34
2016-06-30;26.052,07
2016-07-01;26.053,81
2016-07-02;26.055,54
2016-07-03;26.057,28
2016-07-04;26.059,01
2016-07-05;26.060,75
2016-07-06;26.062,48
2016-07-07;26.064,22
2016-07-08;26.065,96
2016-07-09;26.067,69
2016-07-10;26.071,05
2016-07-11;26.074,40
2016-07-12;26.077,76
2016-07-13;26.081,12
2016-07-14;26.084,48
2016-07-15;26.087,84
2016-07-16;26.091,20
2016-07-17;26.094,56
2016-07-18;26.097,92
2016-07-19;26.101,28
2016-07-20;26.104,64
2016-07-21;26.108,00
2016-07-22;26.111,37
2016-07-23;26.114,73
2016-07-24;26.118,09
2016-07-25;26.121,46
2016-07-26;26.124,82
2016-07-27;26.128,18
2016-07-28;26.131,55
2016-07-29;26.134,91
2016-07-30;26.138,28
2016-07-31;26.141,65
2016-08-01;26.145,01
2016-08-02;26.148,38
2016-08-03;26.151,75
2016-08-04;26.155,11
2016-08-05;26.158,48
2016-08-06;26.161,85
2016-08-07;26.165,22
2016-08-08;26.168,59
2016-08-09;26.171,96
2016-08-10;26.173,65
2016-08-11;26.175,33
2016-08-12;26.177,02
2016-08-13;26.178,71
2016-08-14;26.180,40
2016-08-15;26.182,08
2016-08-16;26.183,77
2016-08-17;26.185,46
2016-08-18;26.187,15
2016-08-19;26.188,83
2016-08-20;26.190,52
2016-08-21;26.192,21
2016-08-22;26.193,90
2016-08-23;26.195,59
2016-08-24;26.197,27
2016-08-25;26.198,96
2016-08-26;26.200,65
2016-08-27;26.202,34
2016-08-28;26.204,03
2016-08-29;26.205,72
2016-08-30;26.207,41
2016-08-31;26.209,10
2016-09-01;26.210,79
2016-09-02;26.212,48
2016-09-03;26.214,16
2016-09-04;26.215,85
2016-09-05;26.217,54
2016-09-06;26.219,23
2016-09-07;26.220,92
2016-09-08;26.222,61
2016-09-09;26.224,30
2016-09-10;26.224,30
2016-09-11;26.224,30
2016-09-12;26.224,30
2016-09-13;26.224,30
2016-09-14;26.224,30
2016-09-15;26.224,30
2016-09-16;26.224,30
2016-09-17;26.224,30
2016-09-18;26.224,30
2016-09-19;26.224,30
2016-09-20;26.224,30
2016-09-21;26.224,30
2016-09-22;26.224,30
2016-09-23;26.224,30
2016-09-24;26.224,30
2016-09-25;26.224,30
2016-09-26;26.224,30
2016-09-27;26.224,30
2016-09-28;26.224,30
2016-09-29;26.224,30
2016-09-30;26.224,30
2016-10-01;26.224,30
2016-10-02;26.224,30
2016-10-03;26.224,30
2016-10-04;26.224,30
2016-10-05;26.224,30
2016-10-06;26.224,30
2016-10-07;26.224,30
2016-10-08;26.224,30
2016-10-09;26.224,30
2016-10-10;26.225,99
2016-10-11;26.227,68
2016-10-12;26.229,37
2016-10-13;26.231,06
2016-10-14;26.232,75
2016-10-15;26.234,44
2016-10-16;26.236,13
2016-10-17;26.237,83
2016-10-18;26.239,52
2016-10-19;26.241,21
2016-10-20;26.242,90
2016-10-21;26.244,59
2016-10-22;26.246,28
2016-10-23;26.247,97
2016-10-24;26.249,67
2016-10-25;26.251,36
2016-10-26;26.253,05
2016-10-27;26.254,74
2016-10-28;26.256,43
2016-10-29;26.258,13
2016-10-30;26.259,82
2016-10-31;26.261,51
2016-11-01;26.263,20
2016-11-02;26.264,90
2016-11-03;26.266,59
2016-11-04;26.268,28
2016-11-05;26.269,98
2016-11-06;26.271,67
2016-11-07;26.273,36
2016-11-08;26.275,06
2016-11-09;26.276,75
2016-11-10;26.278,50
2016-11-11;26.280,25
2016-11-12;26.282,00
2016-11-13;26.283,75
2016-11-14;26.285,50
2016-11-15;26.287,25
2016-11-16;26.289,00
2016-11-17;26.290,75
2016-11-18;26.292,51
2016-11-19;26.294,26
2016-11-20;26.296,01
2016-11-21;26.297,76
2016-11-22;26.299,51
2016-11-23;26.301,26
2016-11-24;26.303,01
2016-11-25;26.304,77
2016-11-26;26.306,52
2016-11-27;26.308,27
2016-11-28;26.310,02
2016-11-29;26.311,77
2016-11-30;26.313,53
2016-12-01;26.315,28
2016-12-02;26.317,03
2016-12-03;26.318,78
2016-12-04;26.320,54
2016-12-05;26.322,29
2016-12-06;26.324,04
2016-12-07;26.325,80
2016-12-08;26.327,55
2016-12-09;26.329,30
2016-12-10;26.330,15
2016-12-11;26.331,00
2016-12-12;26.331,85
2016-12-13;26.332,70
2016-12-14;26.333,54
2016-12-15;26.334,39
2016-12-16;26.335,24
2016-12-17;26.336,09
2016-12-18;26.336,94
2016-12-19;26.337,79
2016-12-20;26.338,64
2016-12-21;26.339,49
2016-12-22;26.340,34
2016-12-23;26.341,19
2016-12-24;26.342,04
2016-12-25;26.342,89
2016-12-26;26.343,74
2016-12-27;26.344,58
2016-12-28;26.345,43
2016-12-29;26.346,28
2016-12-30;26.347,13
2016-12-31;26.347,98
2017-01-01;26.348,83
2017-01-02;26.349,68
2017-01-03;26.350,53
2017-01-04;26.351,38
2017-01-05;26.352,23
2017-01-06;26.353,08
2017-01-07;26.353,93
2017-01-08;26.354,78
2017-01-09;26.355,63
2017-01-10;26.353,93
2017-01-11;26.352,23
2017-01-12;26.350,52
2017-01-13;26.348,82
2017-01-14;26.347,12
2017-01-15;26.345,42
2017-01-16;26.343,72
2017-01-17;26.342,02
2017-01-18;26.340,32
2017-01-19;26.338,61
2017-01-20;26.336,91
2017-01-21;26.335,21
2017-01-22;26.333,51
2017-01-23;26.331,81
2017-01-24;26.330,11
2017-01-25;26.328,41
2017-01-26;26.326,71
2017-01-27;26.325,01
2017-01-28;26.323,31
2017-01-29;26.321,61
2017-01-30;26.319,91
2017-01-31;26.318,21
2017-02-01;26.316,51
2017-02-02;26.314,81
2017-02-03;26.313,11
2017-02-04;26.311,41
2017-02-05;26.309,71
2017-02-06;26.308,02
2017-02-07;26.306,32
2017-02-08;26.304,62
2017-02-09;26.302,92
2017-02-10;26.307,61
2017-02-11;26.312,29
2017-02-12;26.316,98
2017-02-13;26.321,67
2017-02-14;26.326,36
2017-02-15;26.331,05
2017-02-16;26.335,74
2017-02-17;26.340,43
2017-02-18;26.345,12
2017-02-19;26.349,81
2017-02-20;26.354,51
2017-02-21;26.359,20
2017-02-22;26.363,90
2017-02-23;26.368,60
2017-02-24;26.373,29
2017-02-25;26.377,99
2017-02-26;26.382,69
2017-02-27;26.387,39
2017-02-28;26.392,09
2017-03-01;26.396,79
2017-03-02;26.401,49
2017-03-03;26.406,20
2017-03-04;26.410,90
2017-03-05;26.415,61
2017-03-06;26.420,31
2017-03-07;26.425,02
2017-03-08;26.429,73
2017-03-09;26.434,43
2017-03-10;26.436,13
2017-03-11;26.437,84
2017-03-12;26.439,54
2017-03-13;26.441,25
2017-03-14;26.442,95
2017-03-15;26.444,65
2017-03-16;26.446,36
2017-03-17;26.448,06
2017-03-18;26.449,77
2017-03-19;26.451,47
2017-03-20;26.453,18
2017-03-21;26.454,88
2017-03-22;26.456,59
2017-03-23;26.458,29
2017-03-24;26.460,00
2017-03-25;26.461,70
2017-03-26;26.463,41
2017-03-27;26.465,12
2017-03-28;26.466,82
2017-03-29;26.468,53
2017-03-30;26.470,23
2017-03-31;26.471,94
2017-04-01;26.473,65
2017-04-02;26.475,35
2017-04-03;26.477,06
2017-04-04;26.478,76
2017-04-05;26.480,47
2017-04-06;26.482,18
2017-04-07;26.483,88
2017-04-08;26.485,59
2017-04-09;26.487,30
2017-04-10;26.490,82
2017-04-11;26.494,35
2017-04-12;26.497,88
2017-04-13;26.501,40
2017-04-14;26.504,93
2017-04-15;26.508,46
2017-04-16;26.511,98
2017-04-17;26.515,51
2017-04-18;26.519,04
2017-04-19;26.522,57
2017-04-20;26.526,10
2017-04-21;26.529,63
2017-04-22;26.533,16
2017-04-23;26.536,69
2017-04-24;26.540,22
2017-04-25;26.543,75
2017-04-26;26.547,29
2017-04-27;26.550,82
2017-04-28;26.554,35
2017-04-29;26.557,89
2017-04-30;26.561,42
2017-05-01;26.564,95
2017-05-02;26.568,49
2017-05-03;26.572,03
2017-05-04;26.575,56
2017-05-05;26.579,10
2017-05-06;26.582,64
2017-05-07;26.586,17
2017-05-08;26.589,71
2017-05-09;26.593,25
2017-05-10;26.594,96
2017-05-11;26.596,68
2017-05-12;26.598,39
2017-05-13;26.600,11
2017-05-14;26.601,82
2017-05-15;26.603,54
2017-05-16;26.605,25
2017-05-17;26.606,97
2017-05-18;26.608,68
2017-05-19;26.610,40
2017-05-20;26.612,11
2017-05-21;26.613,83
2017-05-22;26.615,54
2017-05-23;26.617,26
2017-05-24;26.618,97
2017-05-25;26.620,69
2017-05-26;26.622,40
2017-05-27;26.624,12
2017-05-28;26.625,84
2017-05-29;26.627,55
2017-05-30;26.629,27
2017-05-31;26.630,98
2017-06-01;26.632,70
2017-06-02;26.634,42
2017-06-03;26.636,13
2017-06-04;26.637,85
2017-06-05;26.639,57
2017-06-06;26.641,28
2017-06-07;26.643,00
2017-06-08;26.644,72
2017-06-09;26.646,44
2017-06-10;26.647,33
2017-06-11;26.648,22
2017-06-12;26.649,10
2017-06-13;26.649,99
2017-06-14;26.650,88
2017-06-15;26.651,77
2017-06-16;26.652,66
2017-06-17;26.653,54
2017-06-18;26.654,43
2017-06-19;26.655,32
2017-06-20;26.656,21
2017-06-21;26.657,10
2017-06-22;26.657,98
2017-06-23;26.658,87
2017-06-24;26.659,76
2017-06-25;26.660,65
2017-06-26;26.661,54
2017-06-27;26.662,42
2017-06-28;26.663,31
2017-06-29;26.664,20
2017-06-30;26.665,09
2017-07-01;26.665,98
2017-07-02;26.666,87
2017-07-03;26.667,76
2017-07-04;26.668,64
2017-07-05;26.669,53
2017-07-06;26.670,42
2017-07-07;26.671,31
2017-07-08;26.672,20
2017-07-09;26.673,09
2017-07-10;26.669,64
2017-07-11;26.666,19
2017-07-12;26.662,75
2017-07-13;26.659,30
2017-07-14;26.655,85
2017-07-15;26.652,41
2017-07-16;26.648,96
2017-07-17;26.645,52
2017-07-18;26.642,07
2017-07-19;26.638,63
2017-07-20;26.635,18
2017-07-21;26.631,74
2017-07-22;26.628,30
2017-07-23;26.624,85
2017-07-24;26.621,41
2017-07-25;26.617,97
2017-07-26;26.614,53
2017-07-27;26.611,09
2017-07-28;26.607,65
2017-07-29;26.604,21
2017-07-30;26.600,77
2017-07-31;26.597,33
2017-08-01;26.593,89
2017-08-02;26.590,45
2017-08-03;26.587,01
2017-08-04;26.583,58
2017-08-05;26.580,14
2017-08-06;26.576,70
2017-08-07;26.573,27
2017-08-08;26.569,83
2017-08-09;26.566,40
2017-08-10;26.568,11
2017-08-11;26.569,82
2017-08-12;26.571,54
2017-08-13;26.573,25
2017-08-14;26.574,96
2017-08-15;26.576,68
2017-08-16;26.578,39
2017-08-17;26.580,10
2017-08-18;26.581,81
2017-08-19;26.583,53
2017-08-20;26.585,24
2017-08-21;26.586,95
2017-08-22;26.588,67
2017-08-23;26.590,38
2017-08-24;26.592,10
2017-08-25;26.593,81
2017-08-26;26.595,52
2017-08-27;26.597,24
2017-08-28;26.598,95
2017-08-29;26.600,67
2017-08-30;26.602,38
2017-08-31;26.604,10
2017-09-01;26.605,81
2017-09-02;26.607,53
2017-09-03;26.609,24
2017-09-04;26.610,96
2017-09-05;26.612,67
2017-09-06;26.614,39
2017-09-07;26.616,10
2017-09-08;26.617,82
2017-09-09;26.619,53
2017-09-10;26.621,30
2017-09-11;26.623,08
2017-09-12;26.624,85
2017-09-13;26.626,62
2017-09-14;26.628,40
2017-09-15;26.630,17
2017-09-16;26.631,94
2017-09-17;26.633,72
2017-09-18;26.635,49
2017-09-19;26.637,26
2017-09-20;26.639,04
2017-09-21;26.640,81
2017-09-22;26.642,59
2017-09-23;26.644,36
2017-09-24;26.646,14
2017-09-25;26.647,91
2017-09-26;26.649,69
2017-09-27;26.651,46
2017-09-28;26.653,24
2017-09-29;26.655,01
2017-09-30;26.656,79
2017-10-01;26.658,56
2017-10-02;26.660,34
2017-10-03;26.662,11
2017-10-04;26.663,89
2017-10-05;26.665,66
2017-10-06;26.667,44
2017-10-07;26.669,22
2017-10-08;26.670,99
2017-10-09;26.672,77
2017-10-10;26.671,05
2017-10-11;26.669,33
2017-10-12;26.667,60
2017-10-13;26.665,88
2017-10-14;26.664,16
2017-10-15;26.662,44
2017-10-16;26.660,71
2017-10-17;26.658,99
2017-10-18;26.657,27
2017-10-19;26.655,55
2017-10-20;26.653,83
2017-10-21;26.652,11
2017-10-22;26.650,39
2017-10-23;26.648,67
2017-10-24;26.646,94
2017-10-25;26.645,22
2017-10-26;26.643,50
2017-10-27;26.641,78
2017-10-28;26.640,06
2017-10-29;26.638,34
2017-10-30;26.636,62
2017-10-31;26.634,90
2017-11-01;26.633,18
2017-11-02;26.631,46
2017-11-03;26.629,74
2017-11-04;26.628,02
2017-11-05;26.626,30
2017-11-06;26.624,58
2017-11-07;26.622,86
2017-11-08;26.621,14
2017-11-09;26.619,42
2017-11-10;26.624,73
2017-11-11;26.630,04
2017-11-12;26.635,35
2017-11-13;26.640,66
2017-11-14;26.645,97
2017-11-15;26.651,29
2017-11-16;26.656,60
2017-11-17;26.661,92
2017-11-18;26.667,23
2017-11-19;26.672,55
2017-11-20;26.677,87
2017-11-21;26.683,19
2017-11-22;26.688,51
2017-11-23;26.693,84
2017-11-24;26.699,16
2017-11-25;26.704,48
2017-11-26;26.709,81
2017-11-27;26.715,14
2017-11-28;26.720,46
2017-11-29;26.725,79
2017-11-30;26.731,12
2017-12-01;26.736,45
2017-12-02;26.741,78
2017-12-03;26.747,12
2017-12-04;26.752,45
2017-12-05;26.757,79
2017-12-06;26.763,12
2017-12-07;26.768,46
2017-12-08;26.773,80
2017-12-09;26.779,14
2017-12-10;26.780,00
2017-12-11;26.780,87
2017-12-12;26.781,73
2017-12-13;26.782,59
2017-12-14;26.783,46
2017-12-15;26.784,32
2017-12-16;26.785,18
2017-12-17;26.786,05
2017-12-18;26.786,91
2017-12-19;26.787,78
2017-12-20;26.788,64
2017-12-21;26.789,50
2017-12-22;26.790,37
2017-12-23;26.791,23
2017-12-24;26.792,09
2017-12-25;26.792,96
2017-12-26;26.793,82
2017-12-27;26.794,69
2017-12-28;26.795,55
2017-12-29;26.796,41
2017-12-30;26.797,28
2017-12-31;26.798,14
2018-01-01;26.799,01
2018-01-02;26.799,87
2018-01-03;26.800,73
2018-01-04;26.801,60
2018-01-05;26.802,46
2018-01-06;26.803,33
2018-01-07;26.804,19
2018-01-08;26.805,05
2018-01-09;26.805,92
2018-01-10;26.806,78
2018-01-11;26.807,65
2018-01-12;26.808,51
2018-01-13;26.809,38
2018-01-14;26.810,24
2018-01-15;26.811,11
2018-01-16;26.811,97
2018-01-17;26.812,84
2018-01-18;26.813,70
2018-01-19;26.814,56
2018-01-20;26.815,43
2018-01-21;26.816,29
2018-01-22;26.817,16
2018-01-23;26.818,02
2018-01-24;26.818,89
2018-01-25;26.819,75
2018-01-26;26.820,62
2018-01-27;26.821,48
2018-01-28;26.822,35
2018-01-29;26.823,21
2018-01-30;26.824,08
2018-01-31;26.824,94
2018-02-01;26.825,81
2018-02-02;26.826,67
2018-02-03;26.827,54
2018-02-04;26.828,40
2018-02-05;26.829,27
2018-02-06;26.830,13
2018-02-07;26.831,00
2018-02-08;26.831,86
2018-02-09;26.832,73
2018-02-10;26.837,51
2018-02-11;26.842,29
2018-02-12;26.847,07
2018-02-13;26.851,86
2018-02-14;26.856,64
2018-02-15;26.861,42
2018-02-16;26.866,21
2018-02-17;26.870,99
2018-02-18;26.875,78
2018-02-19;26.880,57
2018-02-20;26.885,36
2018-02-21;26.890,15
2018-02-22;26.894,94
2018-02-23;26.899,73
2018-02-24;26.904,52
2018-02-25;26.909,31
2018-02-26;26.914,11
2018-02-27;26.918,90
2018-02-28;26.923,70
2018-03-01;26.928,49
2018-03-02;26.933,29
2018-03-03;26.938,09
2018-03-04;26.942,89
2018-03-05;26.947,69
2018-03-06;26.952,49
2018-03-07;26.957,29
2018-03-08;26.962,09
2018-03-09;26.966,89
2018-03-10;26.966,89
2018-03-11;26.966,89
2018-03-12;26.966,89
2018-03-13;26.966,89
2018-03-14;26.966,89
2018-03-15;26.966,89
2018-03-16;26.966,89
2018-03-17;26.966,89
2018-03-18;26.966,89
2018-03-19;26.966,89
2018-03-20;26.966,89
2018-03-21;26.966,89
2018-03-22;26.966,89
2018-03-23;26.966,89
2018-03-24;26.966,89
2018-03-25;26.966,89
2018-03-26;26.966,89
2018-03-27;26.966,89
2018-03-28;26.966,89
2018-03-29;26.966,89
2018-03-30;26.966,89
2018-03-31;26.966,89
2018-04-01;26.966,89
2018-04-02;26.966,89
2018-04-03;26.966,89
2018-04-04;26.966,89
2018-04-05;26.966,89
2018-04-06;26.966,89
2018-04-07;26.966,89
2018-04-08;26.966,89
2018-04-09;26.966,89
2018-04-10;26.968,69
2018-04-11;26.970,48
2018-04-12;26.972,28
2018-04-13;26.974,07
2018-04-14;26.975,87
2018-04-15;26.977,67
2018-04-16;26.979,46
2018-04-17;26.981,26
2018-04-18;26.983,06
2018-04-19;26.984,86
2018-04-20;26.986,65
2018-04-21;26.988,45
2018-04-22;26.990,25
2018-04-23;26.992,05
2018-04-24;26.993,84
2018-04-25;26.995,64
2018-04-26;26.997,44
2018-04-27;26.999,24
2018-04-28;27.001,04
2018-04-29;27.002,83
2018-04-30;27.004,63
2018-05-01;27.006,43
2018-05-02;27.008,23
2018-05-03;27.010,03
2018-05-04;27.011,83
2018-05-05;27.013,63
2018-05-06;27.015,43
2018-05-07;27.017,22
2018-05-08;27.019,02
2018-05-09;27.020,82
2018-05-10;27.023,43
2018-05-11;27.026,04
2018-05-12;27.028,65
2018-05-13;27.031,27
2018-05-14;27.033,88
2018-05-15;27.036,49
2018-05-16;27.039,10
2018-05-17;27.041,72
2018-05-18;27.044,33
2018-05-19;27.046,94
2018-05-20;27.049,56
2018-05-21;27.052,17
2018-05-22;27.054,78
2018-05-23;27.057,40
2018-05-24;27.060,01
2018-05-25;27.062,63
2018-05-26;27.065,24
2018-05-27;27.067,86
2018-05-28;27.070,47
2018-05-29;27.073,09
2018-05-30;27.075,71
2018-05-31;27.078,32
2018-06-01;27.080,94
2018-06-02;27.083,56
2018-06-03;27.086,17
2018-06-04;27.088,79
2018-06-05;27.091,41
2018-06-06;27.094,03
2018-06-07;27.096,65
2018-06-08;27.099,26
2018-06-09;27.101,88
2018-06-10;27.104,59
2018-06-11;27.107,29
2018-06-12;27.110,00
2018-06-13;27.112,71
2018-06-14;27.115,41
2018-06-15;27.118,12
2018-06-16;27.120,83
2018-06-17;27.123,54
2018-06-18;27.126,25
2018-06-19;27.128,95
2018-06-20;27.131,66
2018-06-21;27.134,37
2018-06-22;27.137,08
2018-06-23;27.139,79
2018-06-24;27.142,50
2018-06-25;27.145,21
2018-06-26;27.147,92
2018-06-27;27.150,63
2018-06-28;27.153,35
2018-06-29;27.156,06
2018-06-30;27.158,77
2018-07-01;27.161,48
2018-07-02;27.164,19
2018-07-03;27.166,91
2018-07-04;27.169,62
2018-07-05;27.172,33
2018-07-06;27.175,04
2018-07-07;27.177,76
2018-07-08;27.180,47
2018-07-09;27.183,19
2018-07-10;27.184,07
2018-07-11;27.184,94
2018-07-12;27.185,82
2018-07-13;27.186,70
2018-07-14;27.187,57
2018-07-15;27.188,45
2018-07-16;27.189,33
2018-07-17;27.190,20
2018-07-18;27.191,08
2018-07-19;27.191,96
2018-07-20;27.192,83
2018-07-21;27.193,71
2018-07-22;27.194,59
2018-07-23;27.195,46
2018-07-24;27.196,34
2018-07-25;27.197,22
2018-07-26;27.198,09
2018-07-27;27.198,97
2018-07-28;27.199,85
2018-07-29;27.200,72
2018-07-30;27.201,60
2018-07-31;27.202,48
2018-08-01;27.203,36
2018-08-02;27.204,23
2018-08-03;27.205,11
2018-08-04;27.205,99
2018-08-05;27.206,86
2018-08-06;27.207,74
2018-08-07;27.208,62
2018-08-08;27.209,50
2018-08-09;27.210,37
2018-08-10;27.213,87
2018-08-11;27.217,38
2018-08-12;27.220,88
2018-08-13;27.224,39
2018-08-14;27.227,90
2018-08-15;27.231,40
2018-08-16;27.234,91
2018-08-17;27.238,42
2018-08-18;27.241,92
2018-08-19;27.245,43
2018-08-20;27.248,94
2018-08-21;27.252,45
2018-08-22;27.255,96
2018-08-23;27.259,47
2018-08-24;27.262,98
2018-08-25;27.266,49
2018-08-26;27.270,00
2018-08-27;27.273,52
2018-08-28;27.277,03
2018-08-29;27.280,54
2018-08-30;27.284,05
2018-08-31;27.287,57
2018-09-01;27.291,08
2018-09-02;27.294,60
2018-09-03;27.298,11
2018-09-04;27.301,63
2018-09-05;27.305,14
2018-09-06;27.308,66
2018-09-07;27.312,18
2018-09-08;27.315,69
2018-09-09;27.319,21
2018-09-10;27.321,03
2018-09-11;27.322,85
2018-09-12;27.324,67
2018-09-13;27.326,49
2018-09-14;27.328,31
2018-09-15;27.330,13
2018-09-16;27.331,95
2018-09-17;27.333,77
2018-09-18;27.335,59
2018-09-19;27.337,41
2018-09-20;27.339,23
2018-09-21;27.341,05
2018-09-22;27.342,87
2018-09-23;27.344,69
2018-09-24;27.346,52
2018-09-25;27.348,34
2018-09-26;27.350,16
2018-09-27;27.351,98
2018-09-28;27.353,80
2018-09-29;27.355,62
2018-09-30;27.357,45
2018-10-01;27.359,27
2018-10-02;27.361,09
2018-10-03;27.362,91
2018-10-04;27.364,73
2018-10-05;27.366,56
2018-10-06;27.368,38
2018-10-07;27.370,20
2018-10-08;27.372,03
2018-10-09;27.373,85
2018-10-10;27.376,50
2018-10-11;27.379,14
2018-10-12;27.381,79
2018-10-13;27.384,43
2018-10-14;27.387,08
2018-10-15;27.389,73
2018-10-16;27.392,37
2018-10-17;27.395,02
2018-10-18;27.397,67
2018-10-19;27.400,31
2018-10-20;27.402,96
2018-10-21;27.405,61
2018-10-22;27.408,26
2018-10-23;27.410,91
2018-10-24;27.413,56
2018-10-25;27.416,20
2018-10-26;27.418,85
2018-10-27;27.421,50
2018-10-28;27.424,15
2018-10-29;27.426,80
2018-10-30;27.429,45
2018-10-31;27.432,10
2018-11-01;27.434,76
2018-11-02;27.437,41
2018-11-03;27.440,06
2018-11-04;27.442,71
2018-11-05;27.445,36
2018-11-06;27.448,01
2018-11-07;27.450,67
2018-11-08;27.453,32
2018-11-09;27.455,97
2018-11-10;27.459,62
2018-11-11;27.463,28
2018-11-12;27.466,93
2018-11-13;27.470,59
2018-11-14;27.474,24
2018-11-15;27.477,90
2018-11-16;27.481,56
2018-11-17;27.485,21
2018-11-18;27.488,87
2018-11-19;27.492,53
2018-11-20;27.496,19
2018-11-21;27.499,85
2018-11-22;27.503,51
2018-11-23;27.507,17
2018-11-24;27.510,83
2018-11-25;27.514,49
2018-11-26;27.518,15
2018-11-27;27.521,81
2018-11-28;27.525,47
2018-11-29;27.529,14
2018-11-30;27.532,80
2018-12-01;27.536,46
2018-12-02;27.540,13
2018-12-03;27.543,79
2018-12-04;27.547,46
2018-12-05;27.551,13
2018-12-06;27.554,79
2018-12-07;27.558,46
2018-12-08;27.562,13
2018-12-09;27.565,79
2018-12-10;27.565,79
2018-12-11;27.565,79
2018-12-12;27.565,79
2018-12-13;27.565,79
2018-12-14;27.565,79
2018-12-15;27.565,79
2018-12-16;27.565,79
2018-12-17;27.565,79
2018-12-18;27.565,79
2018-12-19;27.565,79
2018-12-20;27.565,79
2018-12-21;27.565,79
2018-12-22;27.565,79
2018-12-23;27.565,79
2018-12-24;27.565,79
2018-12-25;27.565,79
2018-12-26;27.565,79
2018-12-27;27.565,79
2018-12-28;27.565,79
2018-12-29;27.565,79
2018-12-30;27.565,79
2018-12-31;27.565,79
2019-01-01;27.565,79
2019-01-02;27.565,79
2019-01-03;27.565,79
2019-01-04;27.565,79
2019-01-05;27.565,79
2019-01-06;27.565,79
2019-01-07;27.565,79
2019-01-08;27.565,79
2019-01-09;27.565,79
2019-01-10;27.564,90
2019-01-11;27.564,01
2019-01-12;27.563,12
2019-01-13;27.562,23
2019-01-14;27.561,34
2019-01-15;27.560,45
2019-01-16;27.559,56
2019-01-17;27.558,67
2019-01-18;27.557,78
2019-01-19;27.556,89
2019-01-20;27.556,01
2019-01-21;27.555,12
2019-01-22;27.554,23
2019-01-23;27.553,34
2019-01-24;27.552,45
2019-01-25;27.551,56
2019-01-26;27.550,67
2019-01-27;27.549,78
2019-01-28;27.548,89
2019-01-29;27.548,00
2019-01-30;27.547,11
2019-01-31;27.546,22
2019-02-01;27.545,34
2019-02-02;27.544,45
2019-02-03;27.543,56
2019-02-04;27.542,67
2019-02-05;27.541,78
2019-02-06;27.540,89
2019-02-07;27.540,00
2019-02-08;27.539,11
2019-02-09;27.538,22
2019-02-10;27.539,20
2019-02-11;27.540,19
2019-02-12;27.541,17
2019-02-13;27.542,15
2019-02-14;27.543,14
2019-02-15;27.544,12
2019-02-16;27.545,10
2019-02-17;27.546,09
2019-02-18;27.547,07
2019-02-19;27.548,05
2019-02-20;27.549,04
2019-02-21;27.550,02
2019-02-22;27.551,00
2019-02-23;27.551,99
2019-02-24;27.552,97
2019-02-25;27.553,95
2019-02-26;27.554,94
2019-02-27;27.555,92
2019-02-28;27.556,90
2019-03-01;27.557,89
2019-03-02;27.558,87
2019-03-03;27.559,85
2019-03-04;27.560,84
2019-03-05;27.561,82
2019-03-06;27.562,81
2019-03-07;27.563,79
2019-03-08;27.564,77
2019-03-09;27.565,76
2019-03-10;27.565,76
2019-03-11;27.565,76
2019-03-12;27.565,76
2019-03-13;27.565,76
2019-03-14;27.565,76
2019-03-15;27.565,76
2019-03-16;27.565,76
2019-03-17;27.565,76
2019-03-18;27.565,76
2019-03-19;27.565,76
2019-03-20;27.565,76
2019-03-21;27.565,76
2019-03-22;27.565,76
2019-03-23;27.565,76
2019-03-24;27.565,76
2019-03-25;27.565,76
2019-03-26;27.565,76
2019-03-27;27.565,76
2019-03-28;27.565,76
2019-03-29;27.565,76
2019-03-30;27.565,76
2019-03-31;27.565,76
2019-04-01;27.565,76
2019-04-02;27.565,76
2019-04-03;27.565,76
2019-04-04;27.565,76
2019-04-05;27.565,76
2019-04-06;27.565,76
2019-04-07;27.565,76
2019-04-08;27.565,76
2019-04-09;27.565,76
2019-04-10;27.570,34
2019-04-11;27.574,93
2019-04-12;27.579,51
2019-04-13;27.584,10
2019-04-14;27.588,68
2019-04-15;27.593,27
2019-04-16;27.597,86
2019-04-17;27.602,45
2019-04-18;27.607,04
2019-04-19;27.611,63
2019-04-20;27.616,22
2019-04-21;27.620,81
2019-04-22;27.625,40
2019-04-23;27.629,99
2019-04-24;27.634,59
2019-04-25;27.639,18
2019-04-26;27.643,78
2019-04-27;27.648,37
2019-04-28;27.652,97
2019-04-29;27.657,57
2019-04-30;27.662,17
2019-05-01;27.666,77
2019-05-02;27.671,37
2019-05-03;27.675,97
2019-05-04;27.680,57
2019-05-05;27.685,17
2019-05-06;27.689,77
2019-05-07;27.694,38
2019-05-08;27.698,98
2019-05-09;27.703,59
2019-05-10;27.706,27
2019-05-11;27.708,94
2019-05-12;27.711,62
2019-05-13;27.714,30
2019-05-14;27.716,98
2019-05-15;27.719,66
2019-05-16;27.722,34
2019-05-17;27.725,01
2019-05-18;27.727,69
2019-05-19;27.730,37
2019-05-20;27.733,05
2019-05-21;27.735,73
2019-05-22;27.738,41
2019-05-23;27.741,09
2019-05-24;27.743,77
2019-05-25;27.746,45
2019-05-26;27.749,14
2019-05-27;27.751,82
2019-05-28;27.754,50
2019-05-29;27.757,18
2019-05-30;27.759,86
2019-05-31;27.762,55
2019-06-01;27.765,23
2019-06-02;27.767,91
2019-06-03;27.770,60
2019-06-04;27.773,28
2019-06-05;27.775,96
2019-06-06;27.778,65
2019-06-07;27.781,33
2019-06-08;27.784,02
2019-06-09;27.786,70
2019-06-10;27.792,24
2019-06-11;27.797,78
2019-06-12;27.803,33
2019-06-13;27.808,87
2019-06-14;27.814,42
2019-06-15;27.819,96
2019-06-16;27.825,51
2019-06-17;27.831,06
2019-06-18;27.836,61
2019-06-19;27.842,16
2019-06-20;27.847,71
2019-06-21;27.853,27
2019-06-22;27.858,82
2019-06-23;27.864,38
2019-06-24;27.869,94
2019-06-25;27.875,49
2019-06-26;27.881,05
2019-06-27;27.886,61
2019-06-28;27.892,17
2019-06-29;27.897,74
2019-06-30;27.903,30
2019-07-01;27.908,86
2019-07-02;27.914,43
2019-07-03;27.920,00
2019-07-04;27.925,56
2019-07-05;27.931,13
2019-07-06;27.936,70
2019-07-07;27.942,27
2019-07-08;27.947,85
2019-07-09;27.953,42
2019-07-10;27.953,42
2019-07-11;27.953,42
2019-07-12;27.953,42
2019-07-13;27.953,42
2019-07-14;27.953,42
2019-07-15;27.953,42
2019-07-16;27.953,42
2019-07-17;27.953,42
2019-07-18;27.953,42
2019-07-19;27.953,42
2019-07-20;27.953,42
2019-07-21;27.953,42
2019-07-22;27.953,42
2019-07-23;27.953,42
2019-07-24;27.953,42
2019-07-25;27.953,42
2019-07-26;27.953,42
2019-07-27;27.953,42
2019-07-28;27.953,42
2019-07-29;27.953,42
2019-07-30;27.953,42
2019-07-31;27.953,42
2019-08-01;27.953,42
2019-08-02;27.953,42
2019-08-03;27.953,42
2019-08-04;27.953,42
2019-08-05;27.953,42
2019-08-06;27.953,42
2019-08-07;27.953,42
2019-08-08;27.953,42
2019-08-09;27.953,42
2019-08-10;27.955,22
2019-08-11;27.957,02
2019-08-12;27.958,83
2019-08-13;27.960,63
2019-08-14;27.962,43
2019-08-15;27.964,23
2019-08-16;27.966,03
2019-08-17;27.967,84
2019-08-18;27.969,64
2019-08-19;27.971,44
2019-08-20;27.973,25
2019-08-21;27.975,05
2019-08-22;27.976,85
2019-08-23;27.978,65
2019-08-24;27.980,46
2019-08-25;27.982,26
2019-08-26;27.984,06
2019-08-27;27.985,87
2019-08-28;27.987,67
2019-08-29;27.989,48
2019-08-30;27.991,28
2019-08-31;27.993,08
2019-09-01;27.994,89
2019-09-02;27.996,69
2019-09-03;27.998,50
2019-09-04;28.000,30
2019-09-05;28.002,11
2019-09-06;28.003,91
2019-09-07;28.005,72
2019-09-08;28.007,52
2019-09-09;28.009,33
2019-09-10;28.011,20
2019-09-11;28.013,06
2019-09-12;28.014,93
2019-09-13;28.016,79
2019-09-14;28.018,66
2019-09-15;28.020,52
2019-09-16;28.022,39
2019-09-17;28.024,26
2019-09-18;28.026,12
2019-09-19;28.027,99
2019-09-20;28.029,86
2019-09-21;28.031,72
2019-09-22;28.033,59
2019-09-23;28.035,46
2019-09-24;28.037,33
2019-09-25;28.039,19
2019-09-26;28.041,06
2019-09-27;28.042,93
2019-09-28;28.044,80
2019-09-29;28.046,66
2019-09-30;28.048,53
2019-10-01;28.050,40
2019-10-02;28.052,27
2019-10-03;28.054,14
2019-10-04;28.056,00
2019-10-05;28.057,87
2019-10-06;28.059,74
2019-10-07;28.061,61
2019-10-08;28.063,48
2019-10-09;28.065,35
2019-10-10;28.065,35
2019-10-11;28.065,35
2019-10-12;28.065,35
2019-10-13;28.065,35
2019-10-14;28.065,35
2019-10-15;28.065,35
2019-10-16;28.065,35
2019-10-17;28.065,35
2019-10-18;28.065,35
2019-10-19;28.065,35
2019-10-20;28.065,35
2019-10-21;28.065,35
2019-10-22;28.065,35
2019-10-23;28.065,35
2019-10-24;28.065,35
2019-10-25;28.065,35
2019-10-26;28.065,35
2019-10-27;28.065,35
2019-10-28;28.065,35
2019-10-29;28.065,35
2019-10-30;28.065,35
2019-10-31;28.065,35
2019-11-01;28.065,35
2019-11-02;28.065,35
2019-11-03;28.065,35
2019-11-04;28.065,35
2019-11-05;28.065,35
2019-11-06;28.065,35
2019-11-07;28.065,35
2019-11-08;28.065,35
2019-11-09;28.065,35
2019-11-10;28.072,81
2019-11-11;28.080,26
2019-11-12;28.087,72
2019-11-13;28.095,18
2019-11-14;28.102,65
2019-11-15;28.110,11
2019-11-16;28.117,58
2019-11-17;28.125,05
2019-11-18;28.132,52
2019-11-19;28.139,99
2019-11-20;28.147,47
2019-11-21;28.154,94
2019-11-22;28.162,42
2019-11-23;28.169,90
2019-11-24;28.177,39
2019-11-25;28.184,87
2019-11-26;28.192,36
2019-11-27;28.199,85
2019-11-28;28.207,34
2019-11-29;28.214,83
2019-11-30;28.222,33
2019-12-01;28.229,83
2019-12-02;28.237,32
2019-12-03;28.244,83
2019-12-04;28.252,33
2019-12-05;28.259,83
2019-12-06;28.267,34
2019-12-07;28.274,85
2019-12-08;28.282,36
2019-12-09;28.289,87
2019-12-10;28.290,78
2019-12-11;28.291,69
2019-12-12;28.292,61
2019-12-13;28.293,52
2019-12-14;28.294,43
2019-12-15;28.295,34
2019-12-16;28.296,26
2019-12-17;28.297,17
2019-12-18;28.298,08
2019-12-19;28.298,99
2019-12-20;28.299,91
2019-12-21;28.300,82
2019-12-22;28.301,73
2019-12-23;28.302,64
2019-12-24;28.303,56
2019-12-25;28.304,47
2019-12-26;28.305,38
2019-12-27;28.306,29
2019-12-28;28.307,21
2019-12-29;28.308,12
2019-12-30;28.309,03
2019-12-31;28.309,94
2020-01-01;28.310,86
2020-01-02;28.311,77
2020-01-03;28.312,68
2020-01-04;28.313,60
2020-01-05;28.314,51
2020-01-06;28.315,42
2020-01-07;28.316,33
2020-01-08;28.317,25
2020-01-09;28.318,16
2020-01-10;28.319,07
2020-01-11;28.319,99
2020-01-12;28.320,90
2020-01-13;28.321,81
2020-01-14;28.322,73
2020-01-15;28.323,64
2020-01-16;28.324,55
2020-01-17;28.325,47
2020-01-18;28.326,38
2020-01-19;28.327,29
2020-01-20;28.328,21
2020-01-21;28.329,12
2020-01-22;28.330,03
2020-01-23;28.330,95
2020-01-24;28.331,86
2020-01-25;28.332,77
2020-01-26;28.333,69
2020-01-27;28.334,60
2020-01-28;28.335,51
2020-01-29;28.336,43
2020-01-30;28.337,34
2020-01-31;28.338,25
2020-02-01;28.339,17
2020-02-02;28.340,08
2020-02-03;28.341,00
2020-02-04;28.341,91
2020-02-05;28.342,82
2020-02-06;28.343,74
2020-02-07;28.344,65
2020-02-08;28.345,56
2020-02-09;28.346,48
2020-02-10;28.352,33
2020-02-11;28.358,18
2020-02-12;28.364,03
2020-02-13;28.369,88
2020-02-14;28.375,73
2020-02-15;28.381,59
2020-02-16;28.387,44
2020-02-17;28.393,30
2020-02-18;28.399,15
2020-02-19;28.405,01
2020-02-20;28.410,87
2020-02-21;28.416,73
2020-02-22;28.422,60
2020-02-23;28.428,46
2020-02-24;28.434,32
2020-02-25;28.440,19
2020-02-26;28.446,06
2020-02-27;28.451,93
2020-02-28;28.457,80
2020-02-29;28.463,67
2020-03-01;28.469,54
2020-03-02;28.475,41
2020-03-03;28.481,29
2020-03-04;28.487,16
2020-03-05;28.493,04
2020-03-06;28.498,92
2020-03-07;28.504,80
2020-03-08;28.510,68
2020-03-09;28.516,56
2020-03-10;28.520,23
2020-03-11;28.523,91
2020-03-12;28.527,58
2020-03-13;28.531,25
2020-03-14;28.534,93
2020-03-15;28.538,60
2020-03-16;28.542,28
2020-03-17;28.545,95
2020-03-18;28.549,63
2020-03-19;28.553,31
2020-03-20;28.556,98
2020-03-21;28.560,66
2020-03-22;28.564,34
2020-03-23;28.568,02
2020-03-24;28.571,70
2020-03-25;28.575,38
2020-03-26;28.579,06
2020-03-27;28.582,74
2020-03-28;28.586,42
2020-03-29;28.590,10
2020-03-30;28.593,78
2020-03-31;28.597,46
2020-04-01;28.601,15
2020-04-02;28.604,83
2020-04-03;28.608,51
2020-04-04;28.612,20
2020-04-05;28.615,88
2020-04-06;28.619,57
2020-04-07;28.623,25
2020-04-08;28.626,94
2020-04-09;28.630,63
2020-04-10;28.633,49
2020-04-11;28.636,35
2020-04-12;28.639,21
2020-04-13;28.642,07
2020-04-14;28.644,93
2020-04-15;28.647,79
2020-04-16;28.650,65
2020-04-17;28.653,51
2020-04-18;28.656,37
2020-04-19;28.659,23
2020-04-20;28.662,09
2020-04-21;28.664,96
2020-04-22;28.667,82
2020-04-23;28.670,68
2020-04-24;28.673,54
2020-04-25;28.676,41
2020-04-26;28.679,27
2020-04-27;28.682,13
2020-04-28;28.685,00
2020-04-29;28.687,86
2020-04-30;28.690,73
2020-05-01;28.693,59
2020-05-02;28.696,46
2020-05-03;28.699,32
2020-05-04;28.702,19
2020-05-05;28.705,05
2020-05-06;28.707,92
2020-05-07;28.710,79
2020-05-08;28.713,65
2020-05-09;28.716,52
2020-05-10;28.716,52
2020-05-11;28.716,52
2020-05-12;28.716,52
2020-05-13;28.716,52
2020-05-14;28.716,52
2020-05-15;28.716,52
2020-05-16;28.716,52
2020-05-17;28.716,52
2020-05-18;28.716,52
2020-05-19;28.716,52
2020-05-20;28.716,52
2020-05-21;28.716,52
2020-05-22;28.716,52
2020-05-23;28.716,52
2020-05-24;28.716,52
2020-05-25;28.716,52
2020-05-26;28.716,52
2020-05-27;28.716,52
2020-05-28;28.716,52
2020-05-29;28.716,52
2020-05-30;28.716,52
2020-05-31;28.716,52
2020-06-01;28.716,52
2020-06-02;28.716,52
2020-06-03;28.716,52
2020-06-04;28.716,52
2020-06-05;28.716,52
2020-06-06;28.716,52
2020-06-07;28.716,52
2020-06-08;28.716,52
2020-06-09;28.716,52
2020-06-10;28.715,56
2020-06-11;28.714,60
2020-06-12;28.713,65
2020-06-13;28.712,69
2020-06-14;28.711,73
2020-06-15;28.710,77
2020-06-16;28.709,82
2020-06-17;28.708,86
2020-06-18;28.707,90
2020-06-19;28.706,94
2020-06-20;28.705,99
2020-06-21;28.705,03
2020-06-22;28.704,07
2020-06-23;28.703,12
2020-06-24;28.702,16
2020-06-25;28.701,20
2020-06-26;28.700,24
2020-06-27;28.699,29
2020-06-28;28.698,33
2020-06-29;28.697,37
2020-06-30;28.696,42
2020-07-01;28.695,46
2020-07-02;28.694,50
2020-07-03;28.693,54
2020-07-04;28.692,59
2020-07-05;28.691,63
2020-07-06;28.690,67
2020-07-07;28.689,72
2020-07-08;28.688,76
2020-07-09;28.687,80
2020-07-10;28.686,87
2020-07-11;28.685,95
2020-07-12;28.685,02
2020-07-13;28.684,10
2020-07-14;28.683,17
2020-07-15;28.682,25
2020-07-16;28.681,32
2020-07-17;28.680,39
2020-07-18;28.679,47
2020-07-19;28.678,54
2020-07-20;28.677,62
2020-07-21;28.676,69
2020-07-22;28.675,77
2020-07-23;28.674,84
2020-07-24;28.673,92
2020-07-25;28.672,99
2020-07-26;28.672,06
2020-07-27;28.671,14
2020-07-28;28.670,21
2020-07-29;28.669,29
2020-07-30;28.668,36
2020-07-31;28.667,44
2020-08-01;28.666,51
2020-08-02;28.665,59
2020-08-03;28.664,66
2020-08-04;28.663,74
2020-08-05;28.662,81
2020-08-06;28.661,89
2020-08-07;28.660,96
2020-08-08;28.660,04
2020-08-09;28.659,11
2020-08-10;28.660,03
2020-08-11;28.660,96
2020-08-12;28.661,88
2020-08-13;28.662,81
2020-08-14;28.663,73
2020-08-15;28.664,65
2020-08-16;28.665,58
2020-08-17;28.666,50
2020-08-18;28.667,43
2020-08-19;28.668,35
2020-08-20;28.669,28
2020-08-21;28.670,20
2020-08-22;28.671,12
2020-08-23;28.672,05
2020-08-24;28.672,97
2020-08-25;28.673,90
2020-08-26;28.674,82
2020-08-27;28.675,75
2020-08-28;28.676,67
2020-08-29;28.677,60
2020-08-30;28.678,52
2020-08-31;28.679,45
2020-09-01;28.680,37
2020-09-02;28.681,30
2020-09-03;28.682,22
2020-09-04;28.683,14
2020-09-05;28.684,07
2020-09-06;28.684,99
2020-09-07;28.685,92
2020-09-08;28.686,84
2020-09-09;28.687,77
2020-09-10;28.688,73
2020-09-11;28.689,68
2020-09-12;28.690,64
2020-09-13;28.691,59
2020-09-14;28.692,55
2020-09-15;28.693,51
2020-09-16;28.694,46
2020-09-17;28.695,42
2020-09-18;28.696,37
2020-09-19;28.697,33
2020-09-20;28.698,29
2020-09-21;28.699,24
2020-09-22;28.700,20
2020-09-23;28.701,15
2020-09-24;28.702,11
2020-09-25;28.703,07
2020-09-26;28.704,02
2020-09-27;28.704,98
2020-09-28;28.705,94
2020-09-29;28.706,89
2020-09-30;28.707,85
2020-10-01;28.708,80
2020-10-02;28.709,76
2020-10-03;28.710,72
2020-10-04;28.711,67
2020-10-05;28.712,63
2020-10-06;28.713,59
2020-10-07;28.714,54
2020-10-08;28.715,50
2020-10-09;28.716,46
2020-10-10;28.722,00
2020-10-11;28.727,54
2020-10-12;28.733,09
2020-10-13;28.738,63
2020-10-14;28.744,18
2020-10-15;28.749,73
2020-10-16;28.755,28
2020-10-17;28.760,83
2020-10-18;28.766,38
2020-10-19;28.771,93
2020-10-20;28.777,48
2020-10-21;28.783,03
2020-10-22;28.788,59
2020-10-23;28.794,14
2020-10-24;28.799,70
2020-10-25;28.805,26
2020-10-26;28.810,82
2020-10-27;28.816,38
2020-10-28;28.821,94
2020-10-29;28.827,50
2020-10-30;28.833,07
2020-10-31;28.838,63
2020-11-01;28.844,20
2020-11-02;28.849,76
2020-11-03;28.855,33
2020-11-04;28.860,90
2020-11-05;28.866,47
2020-11-06;28.872,04
2020-11-07;28.877,61
2020-11-08;28.883,18
2020-11-09;28.888,76
2020-11-10;28.895,48
2020-11-11;28.902,20
2020-11-12;28.908,92
2020-11-13;28.915,64
2020-11-14;28.922,37
2020-11-15;28.929,09
2020-11-16;28.935,82
2020-11-17;28.942,55
2020-11-18;28.949,28
2020-11-19;28.956,01
2020-11-20;28.962,74
2020-11-21;28.969,48
2020-11-22;28.976,22
2020-11-23;28.982,95
2020-11-24;28.989,69
2020-11-25;28.996,44
2020-11-26;29.003,18
2020-11-27;29.009,92
2020-11-28;29.016,67
2020-11-29;29.023,42
2020-11-30;29.030,17
2020-12-01;29.036,92
2020-12-02;29.043,67
2020-12-03;29.050,42
2020-12-04;29.057,18
2020-12-05;29.063,94
2020-12-06;29.070,70
2020-12-07;29.077,46
2020-12-08;29.084,22
2020-12-09;29.090,98
2020-12-10;29.090,04
2020-12-11;29.089,10
2020-12-12;29.088,16
2020-12-13;29.087,22
2020-12-14;29.086,29
2020-12-15;29.085,35
2020-12-16;29.084,41
2020-12-17;29.083,47
2020-12-18;29.082,53
2020-12-19;29.081,59
2020-12-20;29.080,65
2020-12-21;29.079,72
2020-12-22;29.078,78
2020-12-23;29.077,84
2020-12-24;29.076,90
2020-12-25;29.075,96
2020-12-26;29.075,02
2020-12-27;29.074,08
2020-12-28;29.073,15
2020-12-29;29.072,21
2020-12-30;29.071,27
2020-12-31;29.070,33
2021-01-01;29.069,39
2021-01-02;29.068,46
2021-01-03;29.067,52
2021-01-04;29.066,58
2021-01-05;29.065,64
2021-01-06;29.064,70
2021-01-07;29.063,76
2021-01-08;29.062,83
2021-01-09;29.061,89
2021-01-10;29.064,70
2021-01-11;29.067,51
2021-01-12;29.070,32
2021-01-13;29.073,13
2021-01-14;29.075,93
2021-01-15;29.078,74
2021-01-16;29.081,55
2021-01-17;29.084,36
2021-01-18;29.087,18
2021-01-19;29.089,99
2021-01-20;29.092,80
2021-01-21;29.095,61
2021-01-22;29.098,42
2021-01-23;29.101,23
2021-01-24;29.104,04
2021-01-25;29.106,86
2021-01-26;29.109,67
2021-01-27;29.112,48
2021-01-28;29.115,30
2021-01-29;29.118,11
2021-01-30;29.120,92
2021-01-31;29.123,74
2021-02-01;29.126,55
2021-02-02;29.129,37
2021-02-03;29.132,18
2021-02-04;29.135,00
2021-02-05;29.137,81
2021-02-06;29.140,63
2021-02-07;29.143,44
2021-02-08;29.146,26
2021-02-09;29.149,08
2021-02-10;29.156,34
2021-02-11;29.163,61
2021-02-12;29.170,87
2021-02-13;29.178,14
2021-02-14;29.185,41
2021-02-15;29.192,68
2021-02-16;29.199,96
2021-02-17;29.207,23
2021-02-18;29.214,51
2021-02-19;29.221,79
2021-02-20;29.229,07
2021-02-21;29.236,35
2021-02-22;29.243,64
2021-02-23;29.250,92
2021-02-24;29.258,21
2021-02-25;29.265,50
2021-02-26;29.272,79
2021-02-27;29.280,09
2021-02-28;29.287,38
2021-03-01;29.294,68
2021-03-02;29.301,98
2021-03-03;29.309,28
2021-03-04;29.316,58
2021-03-05;29.323,89
2021-03-06;29.331,19
2021-03-07;29.338,50
2021-03-08;29.345,81
2021-03-09;29.353,12
2021-03-10;29.355,01
2021-03-11;29.356,90
2021-03-12;29.358,80
2021-03-13;29.360,69
2021-03-14;29.362,58
2021-03-15;29.364,47
2021-03-16;29.366,37
2021-03-17;29.368,26
2021-03-18;29.370,15
2021-03-19;29.372,04
2021-03-20;29.373,94
2021-03-21;29.375,83
2021-03-22;29.377,72
2021-03-23;29.379,62
2021-03-24;29.381,51
2021-03-25;29.383,41
2021-03-26;29.385,30
2021-03-27;29.387,19
2021-03-28;29.389,09
2021-03-29;29.390,98
2021-03-30;29.392,88
2021-03-31;29.394,77
2021-04-01;29.396,67
2021-04-02;29.398,56
2021-04-03;29.400,45
2021-04-04;29.402,35
2021-04-05;29.404,24
2021-04-06;29.406,14
2021-04-07;29.408,04
2021-04-08;29.409,93
2021-04-09;29.411,83
2021-04-10;29.415,74
2021-04-11;29.419,66
2021-04-12;29.423,57
2021-04-13;29.427,49
2021-04-14;29.431,41
2021-04-15;29.435,32
2021-04-16;29.439,24
2021-04-17;29.443,16
2021-04-18;29.447,07
2021-04-19;29.450,99
2021-04-20;29.454,91
2021-04-21;29.458,83
2021-04-22;29.462,75
2021-04-23;29.466,67
2021-04-24;29.470,59
2021-04-25;29.474,52
2021-04-26;29.478,44
2021-04-27;29.482,36
2021-04-28;29.486,29
2021-04-29;29.490,21
2021-04-30;29.494,13
2021-05-01;29.498,06
2021-05-02;29.501,98
2021-05-03;29.505,91
2021-05-04;29.509,84
2021-05-05;29.513,76
2021-05-06;29.517,69
2021-05-07;29.521,62
2021-05-08;29.525,55
2021-05-09;29.529,48
2021-05-10;29.533,28
2021-05-11;29.537,09
2021-05-12;29.540,89
2021-05-13;29.544,69
2021-05-14;29.548,50
2021-05-15;29.552,30
2021-05-16;29.556,11
2021-05-17;29.559,92
2021-05-18;29.563,72
2021-05-19;29.567,53
2021-05-20;29.571,34
2021-05-21;29.575,15
2021-05-22;29.578,96
2021-05-23;29.582,77
2021-05-24;29.586,57
2021-05-25;29.590,39
2021-05-26;29.594,20
2021-05-27;29.598,01
2021-05-28;29.601,82
2021-05-29;29.605,63
2021-05-30;29.609,44
2021-05-31;29.613,26
2021-06-01;29.617,07
2021-06-02;29.620,88
2021-06-03;29.624,70
2021-06-04;29.628,51
2021-06-05;29.632,33
2021-06-06;29.636,15
2021-06-07;29.639,96
2021-06-08;29.643,78
2021-06-09;29.647,60
2021-06-10;29.650,56
2021-06-11;29.653,52
2021-06-12;29.656,48
2021-06-13;29.659,44
2021-06-14;29.662,41
2021-06-15;29.665,37
2021-06-16;29.668,33
2021-06-17;29.671,29
2021-06-18;29.674,25
2021-06-19;29.677,22
2021-06-20;29.680,18
2021-06-21;29.683,15
2021-06-22;29.686,11
2021-06-23;29.689,07
2021-06-24;29.692,04
2021-06-25;29.695,00
2021-06-26;29.697,97
2021-06-27;29.700,93
2021-06-28;29.703,90
2021-06-29;29.706,87
2021-06-30;29.709,83
2021-07-01;29.712,80
2021-07-02;29.715,77
2021-07-03;29.718,73
2021-07-04;29.721,70
2021-07-05;29.724,67
2021-07-06;29.727,64
2021-07-07;29.730,60
2021-07-08;29.733,57
2021-07-09;29.736,54
2021-07-10;29.737,50
2021-07-11;29.738,46
2021-07-12;29.739,42
2021-07-13;29.740,38
2021-07-14;29.741,33
2021-07-15;29.742,29
2021-07-16;29.743,25
2021-07-17;29.744,21
2021-07-18;29.745,17
2021-07-19;29.746,13
2021-07-20;29.747,09
2021-07-21;29.748,05
2021-07-22;29.749,01
2021-07-23;29.749,97
2021-07-24;29.750,92
2021-07-25;29.751,88
2021-07-26;29.752,84
2021-07-27;29.753,80
2021-07-28;29.754,76
2021-07-29;29.755,72
2021-07-30;29.756,68
2021-07-31;29.757,64
2021-08-01;29.758,60
2021-08-02;29.759,56
2021-08-03;29.760,52
2021-08-04;29.761,48
2021-08-05;29.762,44
2021-08-06;29.763,40
2021-08-07;29.764,36
2021-08-08;29.765,32
2021-08-09;29.766,28
2021-08-10;29.773,93
2021-08-11;29.781,59
2021-08-12;29.789,24
2021-08-13;29.796,90
2021-08-14;29.804,56
2021-08-15;29.812,22
2021-08-16;29.819,89
2021-08-17;29.827,55
2021-08-18;29.835,22
2021-08-19;29.842,89
2021-08-20;29.850,56
2021-08-21;29.858,23
2021-08-22;29.865,91
2021-08-23;29.873,59
2021-08-24;29.881,27
2021-08-25;29.888,95
2021-08-26;29.896,63
2021-08-27;29.904,32
2021-08-28;29.912,01
2021-08-29;29.919,70
2021-08-30;29.927,39
2021-08-31;29.935,08
2021-09-01;29.942,78
2021-09-02;29.950,47
2021-09-03;29.958,17
2021-09-04;29.965,87
2021-09-05;29.973,58
2021-09-06;29.981,28
2021-09-07;29.988,99
2021-09-08;29.996,70
2021-09-09;30.004,41
2021-09-10;30.008,40
2021-09-11;30.012,40
2021-09-12;30.016,39
2021-09-13;30.020,38
2021-09-14;30.024,38
2021-09-15;30.028,38
2021-09-16;30.032,37
2021-09-17;30.036,37
2021-09-18;30.040,36
2021-09-19;30.044,36
2021-09-20;30.048,36
2021-09-21;30.052,36
2021-09-22;30.056,36
2021-09-23;30.060,36
2021-09-24;30.064,36
2021-09-25;30.068,36
2021-09-26;30.072,36
2021-09-27;30.076,36
2021-09-28;30.080,37
2021-09-29;30.084,37
2021-09-30;30.088,37
2021-10-01;30.092,38
2021-10-02;30.096,38
2021-10-03;30.100,39
2021-10-04;30.104,39
2021-10-05;30.108,40
2021-10-06;30.112,40
2021-10-07;30.116,41
2021-10-08;30.120,42
2021-10-09;30.124,43
2021-10-10;30.136,02
2021-10-11;30.147,62
2021-10-12;30.159,23
2021-10-13;30.170,83
2021-10-14;30.182,44
2021-10-15;30.194,06
2021-10-16;30.205,68
2021-10-17;30.217,31
2021-10-18;30.228,94
2021-10-19;30.240,57
2021-10-20;30.252,21
2021-10-21;30.263,85
2021-10-22;30.275,50
2021-10-23;30.287,15
2021-10-24;30.298,81
2021-10-25;30.310,47
2021-10-26;30.322,13
2021-10-27;30.333,80
2021-10-28;30.345,48
2021-10-29;30.357,16
2021-10-30;30.368,84
2021-10-31;30.380,53
2021-11-01;30.392,22
2021-11-02;30.403,92
2021-11-03;30.415,62
2021-11-04;30.427,33
2021-11-05;30.439,04
2021-11-06;30.450,75
2021-11-07;30.462,47
2021-11-08;30.474,19
2021-11-09;30.485,92
2021-11-10;30.499,05
2021-11-11;30.512,18
2021-11-12;30.525,32
2021-11-13;30.538,47
2021-11-14;30.551,62
2021-11-15;30.564,77
2021-11-16;30.577,94
2021-11-17;30.591,10
2021-11-18;30.604,28
2021-11-19;30.617,46
2021-11-20;30.630,64
2021-11-21;30.643,83
2021-11-22;30.657,03
2021-11-23;30.670,23
2021-11-24;30.683,44
2021-11-25;30.696,65
2021-11-26;30.709,87
2021-11-27;30.723,10
2021-11-28;30.736,33
2021-11-29;30.749,56
2021-11-30;30.762,80
2021-12-01;30.776,05
2021-12-02;30.789,30
2021-12-03;30.802,56
2021-12-04;30.815,83
2021-12-05;30.829,10
2021-12-06;30.842,37
2021-12-07;30.855,66
2021-12-08;30.868,94
2021-12-09;30.882,24
2021-12-10;30.887,21
2021-12-11;30.892,18
2021-12-12;30.897,15
2021-12-13;30.902,12
2021-12-14;30.907,09
2021-12-15;30.912,07
2021-12-16;30.917,04
2021-12-17;30.922,01
2021-12-18;30.926,99
2021-12-19;30.931,97
2021-12-20;30.936,94
2021-12-21;30.941,92
2021-12-22;30.946,90
2021-12-23;30.951,88
2021-12-24;30.956,86
2021-12-25;30.961,84
2021-12-26;30.966,82
2021-12-27;30.971,80
2021-12-28;30.976,79
2021-12-29;30.981,77
2021-12-30;30.986,76
2021-12-31;30.991,74
2022-01-01;30.996,73
2022-01-02;31.001,72
2022-01-03;31.006,71
2022-01-04;31.011,69
2022-01-05;31.016,68
2022-01-06;31.021,67
2022-01-07;31.026,67
2022-01-08;31.031,66
2022-01-09;31.036,65
2022-01-10;31.044,63
2022-01-11;31.052,61
2022-01-12;31.060,59
2022-01-13;31.068,58
2022-01-14;31.076,56
2022-01-15;31.084,55
2022-01-16;31.092,54
2022-01-17;31.100,54
2022-01-18;31.108,53
2022-01-19;31.116,53
2022-01-20;31.124,53
2022-01-21;31.132,53
2022-01-22;31.140,53
2022-01-23;31.148,54
2022-01-24;31.156,54
2022-01-25;31.164,55
2022-01-26;31.172,57
2022-01-27;31.180,58
2022-01-28;31.188,59
2022-01-29;31.196,61
2022-01-30;31.204,63
2022-01-31;31.212,65
2022-02-01;31.220,68
2022-02-02;31.228,70
2022-02-03;31.236,73
2022-02-04;31.244,76
2022-02-05;31.252,79
2022-02-06;31.260,83
2022-02-07;31.268,86
2022-02-08;31.276,90
2022-02-09;31.284,94
2022-02-10;31.298,27
2022-02-11;31.311,61
2022-02-12;31.324,95
2022-02-13;31.338,30
2022-02-14;31.351,65
2022-02-15;31.365,01
2022-02-16;31.378,38
2022-02-17;31.391,75
2022-02-18;31.405,12
2022-02-19;31.418,50
2022-02-20;31.431,89
2022-02-21;31.445,29
2022-02-22;31.458,68
2022-02-23;31.472,09
2022-02-24;31.485,50
2022-02-25;31.498,92
2022-02-26;31.512,34
2022-02-27;31.525,77
2022-02-28;31.539,20
2022-03-01;31.552,64
2022-03-02;31.566,08
2022-03-03;31.579,53
2022-03-04;31.592,99
2022-03-05;31.606,45
2022-03-06;31.619,92
2022-03-07;31.633,39
2022-03-08;31.646,87
2022-03-09;31.660,36
2022-03-10;31.663,42
2022-03-11;31.666,48
2022-03-12;31.669,54
2022-03-13;31.672,60
2022-03-14;31.675,66
2022-03-15;31.678,72
2022-03-16;31.681,78
2022-03-17;31.684,84
2022-03-18;31.687,91
2022-03-19;31.690,97
2022-03-20;31.694,03
2022-03-21;31.697,09
2022-03-22;31.700,16
2022-03-23;31.703,22
2022-03-24;31.706,28
2022-03-25;31.709,35
2022-03-26;31.712,41
2022-03-27;31.715,48
2022-03-28;31.718,54
2022-03-29;31.721,61
2022-03-30;31.724,67
2022-03-31;31.727,74
2022-04-01;31.730,80
2022-04-02;31.733,87
2022-04-03;31.736,94
2022-04-04;31.740,00
2022-04-05;31.743,07
2022-04-06;31.746,14
2022-04-07;31.749,20
2022-04-08;31.752,27
2022-04-09;31.755,34
2022-04-10;31.775,27
2022-04-11;31.795,21
2022-04-12;31.815,17
2022-04-13;31.835,13
2022-04-14;31.855,11
2022-04-15;31.875,10
2022-04-16;31.895,11
2022-04-17;31.915,12
2022-04-18;31.935,15
2022-04-19;31.955,20
2022-04-20;31.975,25
2022-04-21;31.995,32
2022-04-22;32.015,40
2022-04-23;32.035,49
2022-04-24;32.055,60
2022-04-25;32.075,71
2022-04-26;32.095,84
2022-04-27;32.115,99
2022-04-28;32.136,14
2022-04-29;32.156,31
2022-04-30;32.176,49
2022-05-01;32.196,69
2022-05-02;32.216,89
2022-05-03;32.237,11
2022-05-04;32.257,34
2022-05-05;32.277,59
2022-05-06;32.297,84
2022-05-07;32.318,11
2022-05-08;32.338,40
2022-05-09;32.358,69
2022-05-10;32.373,21
2022-05-11;32.387,73
2022-05-12;32.402,26
2022-05-13;32.416,79
2022-05-14;32.431,33
2022-05-15;32.445,88
2022-05-16;32.460,44
2022-05-17;32.475,00
2022-05-18;32.489,56
2022-05-19;32.504,14
2022-05-20;32.518,72
2022-05-21;32.533,31
2022-05-22;32.547,90
2022-05-23;32.562,50
2022-05-24;32.577,11
2022-05-25;32.591,72
2022-05-26;32.606,34
2022-05-27;32.620,97
2022-05-28;32.635,60
2022-05-29;32.650,24
2022-05-30;32.664,89
2022-05-31;32.679,54
2022-06-01;32.694,20
2022-06-02;32.708,87
2022-06-03;32.723,54
2022-06-04;32.738,22
2022-06-05;32.752,90
2022-06-06;32.767,60
2022-06-07;32.782,29
2022-06-08;32.797,00
2022-06-09;32.811,71
2022-06-10;32.824,76
2022-06-11;32.837,81
2022-06-12;32.850,87
2022-06-13;32.863,94
2022-06-14;32.877,01
2022-06-15;32.890,08
2022-06-16;32.903,16
2022-06-17;32.916,25
2022-06-18;32.929,34
2022-06-19;32.942,44
2022-06-20;32.955,54
2022-06-21;32.968,64
2022-06-22;32.981,75
2022-06-23;32.994,87
2022-06-24;33.007,99
2022-06-25;33.021,12
2022-06-26;33.034,25
2022-06-27;33.047,39
2022-06-28;33.060,53
2022-06-29;33.073,68
2022-06-30;33.086,83
2022-07-01;33.099,99
2022-07-02;33.113,16
2022-07-03;33.126,33
2022-07-04;33.139,50
2022-07-05;33.152,68
2022-07-06;33.165,86
2022-07-07;33.179,05
2022-07-08;33.192,25
2022-07-09;33.205,45
2022-07-10;33.215,05
2022-07-11;33.224,65
2022-07-12;33.234,25
2022-07-13;33.243,86
2022-07-14;33.253,47
2022-07-15;33.263,08
2022-07-16;33.272,70
2022-07-17;33.282,32
2022-07-18;33.291,94
2022-07-19;33.301,56
2022-07-20;33.311,19
2022-07-21;33.320,82
2022-07-22;33.330,45
2022-07-23;33.340,08
2022-07-24;33.349,72
2022-07-25;33.359,36
2022-07-26;33.369,00
2022-07-27;33.378,65
2022-07-28;33.388,30
2022-07-29;33.397,95
2022-07-30;33.407,60
2022-07-31;33.417,26
2022-08-01;33.426,92
2022-08-02;33.436,58
2022-08-03;33.446,25
2022-08-04;33.455,92
2022-08-05;33.465,59
2022-08-06;33.475,26
2022-08-07;33.484,94
2022-08-08;33.494,62
2022-08-09;33.504,30
2022-08-10;33.519,33
2022-08-11;33.534,37
2022-08-12;33.549,41
2022-08-13;33.564,46
2022-08-14;33.579,51
2022-08-15;33.594,58
2022-08-16;33.609,65
2022-08-17;33.624,72
2022-08-18;33.639,81
2022-08-19;33.654,90
2022-08-20;33.669,99
2022-08-21;33.685,10
2022-08-22;33.700,21
2022-08-23;33.715,33
2022-08-24;33.730,45
2022-08-25;33.745,58
2022-08-26;33.760,72
2022-08-27;33.775,86
2022-08-28;33.791,01
2022-08-29;33.806,17
2022-08-30;33.821,34
2022-08-31;33.836,51
2022-09-01;33.851,69
2022-09-02;33.866,87
2022-09-03;33.882,06
2022-09-04;33.897,26
2022-09-05;33.912,47
2022-09-06;33.927,68
2022-09-07;33.942,90
2022-09-08;33.958,13
2022-09-09;33.973,36
2022-09-10;33.986,87
2022-09-11;34.000,39
2022-09-12;34.013,91
2022-09-13;34.027,44
2022-09-14;34.040,97
2022-09-15;34.054,51
2022-09-16;34.068,05
2022-09-17;34.081,60
2022-09-18;34.095,15
2022-09-19;34.108,71
2022-09-20;34.122,28
2022-09-21;34.135,85
2022-09-22;34.149,42
2022-09-23;34.163,01
2022-09-24;34.176,59
2022-09-25;34.190,18
2022-09-26;34.203,78
2022-09-27;34.217,38
2022-09-28;34.230,99
2022-09-29;34.244,61
2022-09-30;34.258,23
2022-10-01;34.271,85
2022-10-02;34.285,48
2022-10-03;34.299,11
2022-10-04;34.312,76
2022-10-05;34.326,40
2022-10-06;34.340,05
2022-10-07;34.353,71
2022-10-08;34.367,37
2022-10-09;34.381,04
2022-10-10;34.390,98
2022-10-11;34.400,92
2022-10-12;34.410,86
2022-10-13;34.420,81
2022-10-14;34.430,76
2022-10-15;34.440,71
2022-10-16;34.450,67
2022-10-17;34.460,63
2022-10-18;34.470,59
2022-10-19;34.480,55
2022-10-20;34.490,52
2022-10-21;34.500,49
2022-10-22;34.510,46
2022-10-23;34.520,44
2022-10-24;34.530,42
2022-10-25;34.540,40
2022-10-26;34.550,38
2022-10-27;34.560,37
2022-10-28;34.570,36
2022-10-29;34.580,35
2022-10-30;34.590,35
2022-10-31;34.600,35
2022-11-01;34.610,35
2022-11-02;34.620,36
2022-11-03;34.630,36
2022-11-04;34.640,37
2022-11-05;34.650,39
2022-11-06;34.660,40
2022-11-07;34.670,42
2022-11-08;34.680,44
2022-11-09;34.690,47
2022-11-10;34.696,24
2022-11-11;34.702,01
2022-11-12;34.707,78
2022-11-13;34.713,55
2022-11-14;34.719,32
2022-11-15;34.725,09
2022-11-16;34.730,86
2022-11-17;34.736,64
2022-11-18;34.742,41
2022-11-19;34.748,19
2022-11-20;34.753,97
2022-11-21;34.759,75
2022-11-22;34.765,53
2022-11-23;34.771,31
2022-11-24;34.777,09
2022-11-25;34.782,87
2022-11-26;34.788,65
2022-11-27;34.794,44
2022-11-28;34.800,22
2022-11-29;34.806,01
2022-11-30;34.811,80
2022-12-01;34.817,58
2022-12-02;34.823,37
2022-12-03;34.829,16
2022-12-04;34.834,95
2022-12-05;34.840,75
2022-12-06;34.846,54
2022-12-07;34.852,33
2022-12-08;34.858,13
2022-12-09;34.863,92
2022-12-10;34.875,11
2022-12-11;34.886,31
2022-12-12;34.897,51
2022-12-13;34.908,71
2022-12-14;34.919,92
2022-12-15;34.931,13
2022-12-16;34.942,34
2022-12-17;34.953,56
2022-12-18;34.964,78
2022-12-19;34.976,01
2022-12-20;34.987,23
2022-12-21;34.998,47
2022-12-22;35.009,70
2022-12-23;35.020,94
2022-12-24;35.032,18
2022-12-25;35.043,43
2022-12-26;35.054,68
2022-12-27;35.065,93
2022-12-28;35.077,19
2022-12-29;35.088,45
2022-12-30;35.099,72
2022-12-31;35.110,98
2023-01-01;35.122,26
2023-01-02;35.133,53
2023-01-03;35.144,81
2023-01-04;35.156,09
2023-01-05;35.167,38
2023-01-06;35.178,67
2023-01-07;35.189,96
2023-01-08;35.201,26
2023-01-09;35.212,56
2023-01-10;35.215,96
2023-01-11;35.219,37
2023-01-12;35.222,77
2023-01-13;35.226,17
2023-01-14;35.229,58
2023-01-15;35.232,98
2023-01-16;35.236,39
2023-01-17;35.239,79
2023-01-18;35.243,20
2023-01-19;35.246,60
2023-01-20;35.250,01
2023-01-21;35.253,41
2023-01-22;35.256,82
2023-01-23;35.260,23
2023-01-24;35.263,64
2023-01-25;35.267,04
2023-01-26;35.270,45
2023-01-27;35.273,86
2023-01-28;35.277,27
2023-01-29;35.280,68
2023-01-30;35.284,09
2023-01-31;35.287,50
2023-02-01;35.290,91
2023-02-02;35.294,32
2023-02-03;35.297,73
2023-02-04;35.301,14
2023-02-05;35.304,55
2023-02-06;35.307,96
2023-02-07;35.311,37
2023-02-08;35.314,79
2023-02-09;35.318,20
2023-02-10;35.328,25
2023-02-11;35.338,31
2023-02-12;35.348,37
2023-02-13;35.358,43
2023-02-14;35.368,49
2023-02-15;35.378,56
2023-02-16;35.388,63
2023-02-17;35.398,70
2023-02-18;35.408,77
2023-02-19;35.418,85
2023-02-20;35.428,93
2023-02-21;35.439,02
2023-02-22;35.449,10
2023-02-23;35.459,19
2023-02-24;35.469,28
2023-02-25;35.479,38
2023-02-26;35.489,48
2023-02-27;35.499,58
2023-02-28;35.509,68
2023-03-01;35.519,79
2023-03-02;35.529,90
2023-03-03;35.540,01
2023-03-04;35.550,13
2023-03-05;35.560,24
2023-03-06;35.570,37
2023-03-07;35.580,49
2023-03-08;35.590,62
2023-03-09;35.600,75
2023-03-10;35.599,60
2023-03-11;35.598,45
2023-03-12;35.597,30
2023-03-13;35.596,15
2023-03-14;35.595,01
2023-03-15;35.593,86
2023-03-16;35.592,71
2023-03-17;35.591,56
2023-03-18;35.590,41
2023-03-19;35.589,26
2023-03-20;35.588,11
2023-03-21;35.586,96
2023-03-22;35.585,82
2023-03-23;35.584,67
2023-03-24;35.583,52
2023-03-25;35.582,37
2023-03-26;35.581,22
2023-03-27;35.580,07
2023-03-28;35.578,93
2023-03-29;35.577,78
2023-03-30;35.576,63
2023-03-31;35.575,48
2023-04-01;35.574,33
2023-04-02;35.573,19
2023-04-03;35.572,04
2023-04-04;35.570,89
2023-04-05;35.569,74
2023-04-06;35.568,59
2023-04-07;35.567,44
2023-04-08;35.566,30
2023-04-09;35.565,15
2023-04-10;35.578,12
2023-04-11;35.591,10
2023-04-12;35.604,08
2023-04-13;35.617,07
2023-04-14;35.630,06
2023-04-15;35.643,05
2023-04-16;35.656,05
2023-04-17;35.669,06
2023-04-18;35.682,07
2023-04-19;35.695,08
2023-04-20;35.708,10
2023-04-21;35.721,12
2023-04-22;35.734,15
2023-04-23;35.747,19
2023-04-24;35.760,22
2023-04-25;35.773,27
2023-04-26;35.786,31
2023-04-27;35.799,37
2023-04-28;35.812,42
2023-04-29;35.825,49
2023-04-30;35.838,55
2023-05-01;35.851,62
2023-05-02;35.864,70
2023-05-03;35.877,78
2023-05-04;35.890,87
2023-05-05;35.903,96
2023-05-06;35.917,05
2023-05-07;35.930,15
2023-05-08;35.943,26
2023-05-09;35.956,37
2023-05-10;35.959,84
2023-05-11;35.963,32
2023-05-12;35.966,79
2023-05-13;35.970,27
2023-05-14;35.973,75
2023-05-15;35.977,22
2023-05-16;35.980,70
2023-05-17;35.984,18
2023-05-18;35.987,65
2023-05-19;35.991,13
2023-05-20;35.994,61
2023-05-21;35.998,09
2023-05-22;36.001,57
2023-05-23;36.005,05
2023-05-24;36.008,52
2023-05-25;36.012,00
2023-05-26;36.015,48
2023-05-27;36.018,96
2023-05-28;36.022,44
2023-05-29;36.025,93
2023-05-30;36.029,41
2023-05-31;36.032,89
2023-06-01;36.036,37
2023-06-02;36.039,85
2023-06-03;36.043,34
2023-06-04;36.046,82
2023-06-05;36.050,30
2023-06-06;36.053,79
2023-06-07;36.057,27
2023-06-08;36.060,75
2023-06-09;36.064,24
2023-06-10;
2023-06-11;
2023-06-12;
2023-06-13;
2023-06-14;
2023-06-15;
2023-06-16;
2023-06-17;
2023-06-18;
2023-06-19;
2023-06-20;
2023-06-21;
2023-06-22;
2023-06-23;
2023-06-24;
2023-06-25;
2023-06-26;
2023-06-27;
2023-06-28;
2023-06-29;
2023-06-30;
2023-07-01;
2023-07-02;
2023-07-03;
2023-07-04;
2023-07-05;
2023-07-06;
2023-07-07;
2023-07-08;
2023-07-09;
2023-07-10;
2023-07-11;
2023-07-12;
2023-07-13;
2023-07-14;
2023-07-15;
2023-07-16;
2023-07-17;
2023-07-18;
2023-07-19;
2023-07-20;
2023-07-21;
2023-07-22;
2023-07-23;
2023-07-24;
2023-07-25;
2023-07-26;
2023-07-27;
2023-07-28;
2023-07-29;
2023-07-30;
2023-07-31;
2023-08-01;
2023-08-02;
2023-08-03;
2023-08-04;
2023-08-05;
2023-08-06;
2023-08-07;
2023-08-08;
2023-08-09;
2023-08-10;
2023-08-11;
2023-08-12;
2023-08-13;
2023-08-14;
2023-08-15;
2023-08-16;
2023-08-17;
2023-08-18;
2023-08-19;
2023-08-20;
2023-08-21;
2023-08-22;
2023-08-23;
2023-08-24;
2023-08-25;
2023-08-26;
2023-08-27;
2023-08-28;
2023-08-29;
2023-08-30;
2023-08-31;
2023-09-01;
2023-09-02;
2023-09-03;
2023-09-04;
2023-09-05;
2023-09-06;
2023-09-07;
2023-09-08;
2023-09-09;
2023-09-10;
2023-09-11;
2023-09-12;
2023-09-13;
2023-09-14;
2023-09-15;
2023-09-16;
2023-09-17;
2023-09-18;
2023-09-19;
2023-09-20;
2023-09-21;
2023-09-22;
2023-09-23;
2023-09-24;
2023-09-25;
2023-09-26;
2023-09-27;
2023-09-28;
2023-09-29;
2023-09-30;
2023-10-01;
2023-10-02;
2023-10-03;
2023-10-04;
2023-10-05;
2023-10-06;
2023-10-07;
2023-10-08;
2023-10-09;
2023-10-10;
2023-10-11;
2023-10-12;
2023-10-13;
2023-10-14;
2023-10-15;
2023-10-16;
2023-10-17;
2023-10-18;
2023-10-19;
2023-10-20;
2023-10-21;
2023-10-22;
2023-10-23;
2023-10-24;
2023-10-25;
2023-10-26;
2023-10-27;
2023-10-28;
2023-10-29;
2023-10-30;
2023-10-31;
2023-11-01;
2023-11-02;
2023-11-03;
2023-11-04;
2023-11-05;
2023-11-06;
2023-11-07;
2023-11-08;
2023-11-09;
2023-11-10;
2023-11-11;
2023-11-12;
2023-11-13;
2023-11-14;
2023-11-15;
2023-11-16;
2023-11-17;
2023-11-18;
2023-11-19;
2023-11-20;
2023-11-21;
2023-11-22;
2023-11-23;
2023-11-24;
2023-11-25;
2023-11-26;
2023-11-27;
2023-11-28;
2023-11-29;
2023-11-30;
2023-12-01;
2023-12-02;
2023-12-03;
2023-12-04;
2023-12-05;
2023-12-06;
2023-12-07;
2023-12-08;
2023-12-09;
2023-12-10;
2023-12-11;
2023-12-12;
2023-12-13;
2023-12-14;
2023-12-15;
2023-12-16;
2023-12-17;
2023-12-18;
2023-12-19;
2023-12-20;
2023-12-21;
2023-12-22;
2023-12-23;
2023-12-24;
2023-12-25;
2023-12-26;
2023-12-27;
2023-12-28;
2023-12-29;
2023-12-30;
2023-12-31;
